team,month,win_rate,avg_point_differential,games_played,attendance_percentage,back_to_back_games,star_player_games_missed,is_playoff_month,home_advantage
ATL,2021-01,0.569,0.6,15,0.855,3,0,False,0.077
BOS,2021-01,0.495,2.1,15,0.755,0,0,False,0.076
BRK,2021-01,0.409,-2.4,15,0.625,4,1,False,0.096
CHA,2021-01,0.33,-4.2,10,0.752,0,0,False,0.086
CHI,2021-01,0.755,-1.1,12,0.809,0,0,False,0.062
CLE,2021-01,0.557,4.1,10,0.823,5,0,False,0.045
DAL,2021-01,0.575,8.6,10,0.683,3,1,False,0.066
DEN,2021-01,0.703,6.7,14,0.822,1,2,False,0.025
DET,2021-01,0.451,1.5,13,0.768,1,0,False,0.07
GSW,2021-01,0.658,0.4,13,0.94,2,0,False,0.043
HOU,2021-01,0.819,9.4,13,0.963,1,0,False,0.09
IND,2021-01,0.526,2.1,14,0.73,0,0,False,0.078
LAC,2021-01,0.609,2.6,15,0.888,2,2,False,0.065
LAL,2021-01,0.817,17.4,10,1.0,3,0,False,0.058
MEM,2021-01,0.366,-2.5,10,0.475,3,2,False,0.042
MIA,2021-01,0.731,-0.0,14,0.914,2,1,False,0.061
MIL,2021-01,0.741,3.6,13,0.769,3,0,False,0.066
MIN,2021-01,0.059,-13.9,12,0.604,3,0,False,0.013
NOP,2021-01,0.612,-3.2,13,0.668,2,0,False,0.046
NYK,2021-01,0.361,-3.4,15,0.743,1,0,False,0.053
OKC,2021-01,0.405,-7.6,14,0.76,2,0,False,0.04
ORL,2021-01,0.422,-6.9,13,0.733,0,3,False,0.059
PHI,2021-01,0.699,8.2,13,0.893,2,1,False,0.021
PHX,2021-01,0.385,-0.4,14,0.746,1,0,False,0.013
POR,2021-01,0.593,3.7,13,0.639,1,0,False,0.046
SAC,2021-01,0.386,-2.6,14,0.717,0,0,False,0.065
SAS,2021-01,0.657,2.6,14,0.801,0,1,False,0.061
TOR,2021-01,0.805,3.7,13,0.962,2,3,False,0.043
UTA,2021-01,0.307,-6.5,12,0.846,0,0,False,0.066
WAS,2021-01,0.61,4.1,10,0.826,3,0,False,0.028
ATL,2021-01,0.515,-1.2,15,0.923,1,1,False,0.077
BOS,2021-01,0.753,9.4,15,1.0,0,0,False,0.076
BRK,2021-01,0.691,6.1,14,0.725,2,1,False,0.096
CHA,2021-01,0.198,-13.7,11,0.714,3,0,False,0.086
CHI,2021-01,0.581,2.2,13,0.922,1,0,False,0.062
CLE,2021-01,0.481,1.4,12,0.771,1,0,False,0.045
DAL,2021-01,0.526,4.3,13,0.879,6,2,False,0.066
DEN,2021-01,0.527,4.6,13,0.715,1,1,False,0.025
DET,2021-01,0.315,-5.3,14,0.658,3,0,False,0.07
GSW,2021-01,0.657,9.7,13,0.928,1,0,False,0.043
HOU,2021-01,0.776,2.8,13,0.942,3,0,False,0.09
IND,2021-01,0.685,4.0,15,0.986,2,0,False,0.078
LAC,2021-01,0.704,3.0,13,0.725,2,0,False,0.065
LAL,2021-01,0.821,13.1,14,0.832,2,0,False,0.058
MEM,2021-01,0.204,0.3,14,0.774,1,1,False,0.042
MIA,2021-01,0.823,16.1,13,0.788,0,1,False,0.061
MIL,2021-01,0.882,5.0,14,0.978,0,0,False,0.066
MIN,2021-01,0.274,-1.7,15,0.847,0,0,False,0.013
NOP,2021-01,0.5,-7.9,15,0.758,5,0,False,0.046
NYK,2021-01,0.348,-5.9,13,0.813,1,2,False,0.053
OKC,2021-01,0.37,-1.1,11,0.631,5,0,False,0.04
ORL,2021-01,0.452,0.4,11,0.661,4,1,False,0.059
PHI,2021-01,0.735,2.8,12,0.862,2,3,False,0.021
PHX,2021-01,0.379,-2.6,14,0.596,1,0,False,0.013
POR,2021-01,0.387,-2.4,10,0.691,3,0,False,0.046
SAC,2021-01,0.375,-0.7,14,0.709,3,0,False,0.065
SAS,2021-01,0.696,4.5,10,0.804,3,1,False,0.061
TOR,2021-01,0.708,8.4,10,0.955,3,0,False,0.043
UTA,2021-01,0.331,-4.1,10,0.619,5,0,False,0.066
WAS,2021-01,0.596,-3.3,12,0.782,2,0,False,0.028
ATL,2021-03,0.504,-0.5,11,1.0,5,1,False,0.077
BOS,2021-03,0.709,10.3,13,0.899,1,3,False,0.076
BRK,2021-03,0.426,1.3,13,0.714,2,2,False,0.096
CHA,2021-03,0.125,-13.4,13,0.538,1,0,False,0.086
CHI,2021-03,0.583,2.8,13,0.865,1,0,False,0.062
CLE,2021-03,0.558,5.5,11,0.823,4,1,False,0.045
DAL,2021-03,0.672,7.4,10,0.95,2,2,False,0.066
DEN,2021-03,0.772,6.2,10,0.893,2,1,False,0.025
DET,2021-03,0.389,-2.6,11,0.658,1,0,False,0.07
GSW,2021-03,0.746,8.7,12,1.0,2,0,False,0.043
HOU,2021-03,0.653,8.0,14,0.946,4,0,False,0.09
IND,2021-03,0.549,-0.6,12,0.734,0,0,False,0.078
LAC,2021-03,0.615,-1.9,11,0.813,2,4,False,0.065
LAL,2021-03,0.905,14.8,10,1.0,2,0,False,0.058
MEM,2021-03,0.495,-0.2,14,0.56,0,2,False,0.042
MIA,2021-03,0.908,5.2,10,0.975,0,0,False,0.061
MIL,2021-03,0.984,12.7,12,1.0,1,0,False,0.066
MIN,2021-03,0.36,-2.6,14,0.762,3,0,False,0.013
NOP,2021-03,0.417,-4.2,13,0.681,3,0,False,0.046
NYK,2021-03,0.317,-2.4,10,0.698,2,0,False,0.053
OKC,2021-03,0.404,-0.6,11,0.831,3,0,False,0.04
ORL,2021-03,0.5,0.8,13,0.721,1,1,False,0.059
PHI,2021-03,0.872,13.1,10,0.788,3,2,False,0.021
PHX,2021-03,0.507,8.6,10,0.742,3,0,False,0.013
POR,2021-03,0.422,3.9,10,0.779,3,0,False,0.046
SAC,2021-03,0.148,-13.1,13,0.697,1,0,False,0.065
SAS,2021-03,0.78,5.5,13,0.98,6,1,False,0.061
TOR,2021-03,0.709,5.2,11,0.803,0,2,False,0.043
UTA,2021-03,0.345,-1.7,14,0.577,2,0,False,0.066
WAS,2021-03,0.592,0.8,12,0.664,0,0,False,0.028
ATL,2021-04,0.0,-9.6,0,0.549,0,0,True,0.077
BOS,2021-04,0.809,9.8,12,0.912,0,4,True,0.076
BRK,2021-04,0.549,-3.1,7,0.704,0,0,True,0.096
CHA,2021-04,0.0,-13.1,0,0.584,0,0,True,0.086
CHI,2021-04,0.609,0.6,11,0.798,0,0,True,0.062
CLE,2021-04,0.566,3.4,11,0.952,0,1,True,0.045
DAL,2021-04,0.839,11.4,9,1.0,0,1,True,0.066
DEN,2021-04,0.579,7.5,6,0.965,0,3,True,0.025
DET,2021-04,0.0,-11.7,0,0.557,0,0,True,0.07
GSW,2021-04,0.889,10.5,5,0.89,0,0,True,0.043
HOU,2021-04,0.679,3.2,15,0.895,0,0,True,0.09
IND,2021-04,0.751,0.8,8,0.89,0,0,True,0.078
LAC,2021-04,0.732,7.6,10,1.0,0,2,True,0.065
LAL,2021-04,0.768,6.3,9,0.958,0,0,True,0.058
MEM,2021-04,0.0,-14.6,0,0.715,0,0,True,0.042
MIA,2021-04,0.829,7.4,13,0.823,0,2,True,0.061
MIL,2021-04,0.945,15.2,13,0.949,0,0,True,0.066
MIN,2021-04,0.0,-14.7,0,0.67,0,0,True,0.013
NOP,2021-04,0.0,-7.2,0,0.597,0,0,True,0.046
NYK,2021-04,0.0,-14.7,0,0.697,0,0,True,0.053
OKC,2021-04,0.0,-9.1,0,0.72,0,0,True,0.04
ORL,2021-04,0.0,-8.3,0,0.61,0,0,True,0.059
PHI,2021-04,0.759,4.3,12,0.764,0,1,True,0.021
PHX,2021-04,0.0,-10.9,0,0.59,0,0,True,0.013
POR,2021-04,0.0,-12.4,0,0.423,0,0,True,0.046
SAC,2021-04,0.0,-14.3,0,0.521,0,0,True,0.065
SAS,2021-04,0.866,6.4,13,0.984,0,2,True,0.061
TOR,2021-04,0.867,7.6,11,0.787,0,1,True,0.043
UTA,2021-04,0.0,-18.7,0,0.566,0,0,True,0.066
WAS,2021-04,0.636,3.3,16,0.844,0,0,True,0.028
ATL,2021-05,0.0,-7.2,0,0.642,0,0,True,0.077
BOS,2021-05,0.798,8.5,5,0.925,0,0,True,0.076
BRK,2021-05,0.564,-2.7,6,0.816,0,4,True,0.096
CHA,2021-05,0.0,-9.0,0,0.723,0,0,True,0.086
CHI,2021-05,0.594,2.8,6,0.94,0,0,True,0.062
CLE,2021-05,0.66,9.0,11,0.824,0,0,True,0.045
DAL,2021-05,0.787,6.6,12,1.0,0,0,True,0.066
DEN,2021-05,0.733,2.6,11,0.83,0,2,True,0.025
DET,2021-05,0.0,-15.9,0,0.68,0,0,True,0.07
GSW,2021-05,0.715,4.8,13,1.0,0,0,True,0.043
HOU,2021-05,0.856,9.5,15,0.914,0,0,True,0.09
IND,2021-05,0.735,2.6,13,0.991,0,0,True,0.078
LAC,2021-05,0.618,4.0,10,0.801,0,1,True,0.065
LAL,2021-05,0.873,9.7,6,0.964,0,0,True,0.058
MEM,2021-05,0.0,-14.4,0,0.539,0,0,True,0.042
MIA,2021-05,0.867,2.2,15,0.965,0,0,True,0.061
MIL,2021-05,0.95,20.6,5,0.976,0,0,True,0.066
MIN,2021-05,0.0,-13.0,0,0.523,0,0,True,0.013
NOP,2021-05,0.0,-5.1,0,0.421,0,0,True,0.046
NYK,2021-05,0.0,-7.7,0,0.517,0,0,True,0.053
OKC,2021-05,0.0,-16.1,0,0.441,0,0,True,0.04
ORL,2021-05,0.0,-13.2,0,0.422,0,0,True,0.059
PHI,2021-05,0.9,8.7,10,0.862,0,1,True,0.021
PHX,2021-05,0.0,-11.3,0,0.662,0,0,True,0.013
POR,2021-05,0.0,-13.5,0,0.741,0,0,True,0.046
SAC,2021-05,0.0,-12.5,0,0.522,0,0,True,0.065
SAS,2021-05,0.825,6.5,15,0.748,0,1,True,0.061
TOR,2021-05,0.781,12.0,16,0.952,0,2,True,0.043
UTA,2021-05,0.0,-13.0,0,0.388,0,0,True,0.066
WAS,2021-05,0.638,4.5,14,0.854,0,0,True,0.028
ATL,2021-05,0.0,-18.4,0,0.76,0,0,True,0.077
BOS,2021-05,0.95,12.5,5,0.877,0,2,True,0.076
BRK,2021-05,0.664,1.6,16,1.0,0,2,True,0.096
CHA,2021-05,0.0,-16.0,0,0.343,0,0,True,0.086
CHI,2021-05,0.583,0.5,15,0.694,0,0,True,0.062
CLE,2021-05,0.628,4.8,5,0.704,0,0,True,0.045
DAL,2021-05,0.851,7.9,12,0.946,0,4,True,0.066
DEN,2021-05,0.87,12.1,9,0.977,0,1,True,0.025
DET,2021-05,0.0,-14.3,0,0.5,0,0,True,0.07
GSW,2021-05,0.832,4.6,16,0.942,0,0,True,0.043
HOU,2021-05,0.883,14.2,16,1.0,0,0,True,0.09
IND,2021-05,0.679,3.7,12,0.852,0,0,True,0.078
LAC,2021-05,0.67,4.0,9,0.931,0,0,True,0.065
LAL,2021-05,0.799,5.5,12,0.913,0,0,True,0.058
MEM,2021-05,0.0,-15.2,0,0.514,0,0,True,0.042
MIA,2021-05,0.716,8.3,6,0.834,0,2,True,0.061
MIL,2021-05,0.854,10.1,5,0.691,0,0,True,0.066
MIN,2021-05,0.0,-14.8,0,0.484,0,0,True,0.013
NOP,2021-05,0.0,-14.8,0,0.559,0,0,True,0.046
NYK,2021-05,0.0,-7.7,0,0.521,0,0,True,0.053
OKC,2021-05,0.0,-7.7,0,0.548,0,0,True,0.04
ORL,2021-05,0.0,-10.6,0,0.652,0,0,True,0.059
PHI,2021-05,0.738,0.2,11,0.777,0,1,True,0.021
PHX,2021-05,0.0,-9.3,0,0.664,0,0,True,0.013
POR,2021-05,0.0,-16.5,0,0.569,0,0,True,0.046
SAC,2021-05,0.0,-15.8,0,0.536,0,0,True,0.065
SAS,2021-05,0.722,5.8,10,0.979,0,0,True,0.061
TOR,2021-05,0.716,-0.1,16,0.86,0,0,True,0.043
UTA,2021-05,0.0,-10.9,0,0.524,0,0,True,0.066
WAS,2021-05,0.682,0.8,6,0.951,0,0,True,0.028
ATL,2021-06,0.0,-5.1,0,0.445,0,0,True,0.077
BOS,2021-06,0.865,6.8,4,0.994,0,0,True,0.076
BRK,2021-06,0.761,8.0,13,0.954,0,3,True,0.096
CHA,2021-06,0.0,-12.0,0,0.619,0,0,True,0.086
CHI,2021-06,0.676,-0.4,5,0.765,0,0,True,0.062
CLE,2021-06,0.802,17.4,12,0.951,0,1,True,0.045
DAL,2021-06,0.923,6.9,11,0.882,0,0,True,0.066
DEN,2021-06,0.707,5.0,4,0.946,0,1,True,0.025
DET,2021-06,0.0,-16.5,0,0.633,0,0,True,0.07
GSW,2021-06,0.824,5.6,8,0.884,0,0,True,0.043
HOU,2021-06,0.798,7.8,12,0.803,0,0,True,0.09
IND,2021-06,0.697,7.6,15,0.64,0,0,True,0.078
LAC,2021-06,0.707,3.1,15,0.946,0,0,True,0.065
LAL,2021-06,0.921,12.2,9,0.804,0,0,True,0.058
MEM,2021-06,0.0,-12.5,0,0.528,0,0,True,0.042
MIA,2021-06,0.923,9.5,10,1.0,0,2,True,0.061
MIL,2021-06,0.917,7.9,9,0.883,0,0,True,0.066
MIN,2021-06,0.0,-12.7,0,0.628,0,0,True,0.013
NOP,2021-06,0.0,-5.6,0,0.566,0,0,True,0.046
NYK,2021-06,0.0,-17.5,0,0.466,0,0,True,0.053
OKC,2021-06,0.0,-10.6,0,0.479,0,0,True,0.04
ORL,2021-06,0.0,-6.7,0,0.52,0,0,True,0.059
PHI,2021-06,0.737,7.5,15,0.884,0,0,True,0.021
PHX,2021-06,0.0,-12.4,0,0.696,0,0,True,0.013
POR,2021-06,0.0,-15.5,0,0.433,0,0,True,0.046
SAC,2021-06,0.0,-13.8,0,0.58,0,0,True,0.065
SAS,2021-06,0.802,8.7,15,0.983,0,0,True,0.061
TOR,2021-06,0.811,6.2,4,1.0,0,2,True,0.043
UTA,2021-06,0.0,-15.4,0,0.547,0,0,True,0.066
WAS,2021-06,0.489,-1.3,14,0.705,0,0,True,0.028
ATL,2021-07,0.575,7.3,0,0.842,0,0,False,0.077
BOS,2021-07,0.685,1.9,0,0.802,0,0,False,0.076
BRK,2021-07,0.665,4.3,0,0.793,0,0,False,0.096
CHA,2021-07,0.216,-4.5,0,0.606,0,0,False,0.086
CHI,2021-07,0.569,-4.5,0,0.921,0,0,False,0.062
CLE,2021-07,0.674,3.7,0,0.868,0,0,False,0.045
DAL,2021-07,0.586,-0.0,0,0.819,0,0,False,0.066
DEN,2021-07,0.514,2.3,0,0.607,0,0,False,0.025
DET,2021-07,0.56,-1.1,0,0.627,0,0,False,0.07
GSW,2021-07,0.747,6.5,0,0.994,0,0,False,0.043
HOU,2021-07,0.633,4.5,0,0.9,0,0,False,0.09
IND,2021-07,0.57,0.5,0,0.715,0,0,False,0.078
LAC,2021-07,0.605,2.2,0,0.973,0,0,False,0.065
LAL,2021-07,0.74,7.7,0,0.85,0,0,False,0.058
MEM,2021-07,0.247,-8.6,0,0.689,0,0,False,0.042
MIA,2021-07,0.887,11.3,0,0.933,0,0,False,0.061
MIL,2021-07,0.852,9.3,0,0.955,0,0,False,0.066
MIN,2021-07,0.2,-10.3,0,0.623,0,0,False,0.013
NOP,2021-07,0.596,-0.2,0,0.692,0,0,False,0.046
NYK,2021-07,0.394,-2.9,0,0.68,0,0,False,0.053
OKC,2021-07,0.456,1.5,0,0.775,0,0,False,0.04
ORL,2021-07,0.432,-2.9,0,0.659,0,0,False,0.059
PHI,2021-07,0.658,3.2,0,0.929,0,0,False,0.021
PHX,2021-07,0.572,1.0,0,0.697,0,0,False,0.013
POR,2021-07,0.579,-1.4,0,0.679,0,0,False,0.046
SAC,2021-07,0.333,1.7,0,0.57,0,0,False,0.065
SAS,2021-07,0.833,11.0,0,0.883,0,0,False,0.061
TOR,2021-07,0.678,5.1,0,0.83,0,0,False,0.043
UTA,2021-07,0.314,-10.4,0,0.638,0,0,False,0.066
WAS,2021-07,0.635,3.0,0,0.812,0,0,False,0.028
ATL,2021-08,0.448,2.4,0,0.655,0,0,False,0.077
BOS,2021-08,0.761,11.2,0,0.824,0,0,False,0.076
BRK,2021-08,0.699,7.0,0,0.712,0,0,False,0.096
CHA,2021-08,0.195,-13.3,0,0.56,0,0,False,0.086
CHI,2021-08,0.447,3.0,0,0.573,0,0,False,0.062
CLE,2021-08,0.586,-0.4,0,0.836,0,0,False,0.045
DAL,2021-08,0.698,4.6,0,0.881,0,0,False,0.066
DEN,2021-08,0.567,4.8,0,0.761,0,0,False,0.025
DET,2021-08,0.404,4.1,0,0.659,0,0,False,0.07
GSW,2021-08,0.814,7.1,0,0.707,0,0,False,0.043
HOU,2021-08,0.678,2.8,0,1.0,0,0,False,0.09
IND,2021-08,0.615,-3.1,0,0.718,0,0,False,0.078
LAC,2021-08,0.682,1.8,0,0.799,0,0,False,0.065
LAL,2021-08,0.778,6.7,0,0.93,0,0,False,0.058
MEM,2021-08,0.312,-7.9,0,0.731,0,0,False,0.042
MIA,2021-08,0.782,4.2,0,0.927,0,0,False,0.061
MIL,2021-08,0.946,12.5,0,0.951,0,0,False,0.066
MIN,2021-08,0.316,-4.0,0,0.54,0,0,False,0.013
NOP,2021-08,0.399,-3.3,0,0.571,0,0,False,0.046
NYK,2021-08,0.294,-8.8,0,0.706,0,0,False,0.053
OKC,2021-08,0.45,-4.1,0,0.826,0,0,False,0.04
ORL,2021-08,0.394,-1.8,0,0.606,0,0,False,0.059
PHI,2021-08,0.636,3.4,0,0.826,0,0,False,0.021
PHX,2021-08,0.574,2.9,0,0.763,0,0,False,0.013
POR,2021-08,0.525,-0.9,0,0.703,0,0,False,0.046
SAC,2021-08,0.325,-5.2,0,0.59,0,0,False,0.065
SAS,2021-08,0.674,7.0,0,0.848,0,0,False,0.061
TOR,2021-08,0.692,7.4,0,0.841,0,0,False,0.043
UTA,2021-08,0.263,-10.0,0,0.695,0,0,False,0.066
WAS,2021-08,0.637,1.6,0,0.876,0,0,False,0.028
ATL,2021-09,0.441,-4.9,0,0.702,0,0,False,0.077
BOS,2021-09,0.686,-0.3,0,0.694,0,0,False,0.076
BRK,2021-09,0.396,-4.0,0,0.658,0,0,False,0.096
CHA,2021-09,0.287,-2.8,0,0.573,0,0,False,0.086
CHI,2021-09,0.5,3.9,0,0.894,0,0,False,0.062
CLE,2021-09,0.453,-0.3,0,0.827,0,0,False,0.045
DAL,2021-09,0.626,3.2,0,0.721,0,0,False,0.066
DEN,2021-09,0.644,6.4,0,0.684,0,0,False,0.025
DET,2021-09,0.411,-4.6,0,0.795,0,0,False,0.07
GSW,2021-09,0.775,6.7,0,0.752,0,0,False,0.043
HOU,2021-09,0.757,8.1,0,0.953,0,0,False,0.09
IND,2021-09,0.507,3.7,0,0.92,0,0,False,0.078
LAC,2021-09,0.523,3.1,0,0.678,0,0,False,0.065
LAL,2021-09,0.722,4.3,0,0.759,0,0,False,0.058
MEM,2021-09,0.459,1.8,0,0.785,0,0,False,0.042
MIA,2021-09,0.806,8.8,0,0.848,0,0,False,0.061
MIL,2021-09,0.883,11.0,0,0.842,0,0,False,0.066
MIN,2021-09,0.276,-3.4,0,0.602,0,0,False,0.013
NOP,2021-09,0.428,-2.6,0,0.863,0,0,False,0.046
NYK,2021-09,0.336,-6.1,0,0.748,0,0,False,0.053
OKC,2021-09,0.417,1.1,0,0.751,0,0,False,0.04
ORL,2021-09,0.574,2.2,0,0.865,0,0,False,0.059
PHI,2021-09,0.75,5.7,0,0.907,0,0,False,0.021
PHX,2021-09,0.443,-5.1,0,0.835,0,0,False,0.013
POR,2021-09,0.392,-2.1,0,0.529,0,0,False,0.046
SAC,2021-09,0.471,-4.2,0,0.852,0,0,False,0.065
SAS,2021-09,0.765,6.9,0,0.816,0,0,False,0.061
TOR,2021-09,0.75,2.5,0,0.962,0,0,False,0.043
UTA,2021-09,0.256,-6.0,0,0.462,0,0,False,0.066
WAS,2021-09,0.447,-2.1,0,0.724,0,0,False,0.028
ATL,2021-10,0.485,-2.7,12,0.825,1,1,False,0.077
BOS,2021-10,0.713,5.4,13,0.996,2,3,False,0.076
BRK,2021-10,0.45,-0.9,15,0.807,3,1,False,0.096
CHA,2021-10,0.233,-9.0,13,0.73,3,0,False,0.086
CHI,2021-10,0.481,6.1,12,0.847,1,0,False,0.062
CLE,2021-10,0.57,1.5,11,0.868,0,4,False,0.045
DAL,2021-10,0.643,1.9,15,1.0,1,2,False,0.066
DEN,2021-10,0.817,12.1,14,0.773,3,0,False,0.025
DET,2021-10,0.286,-2.6,12,0.791,1,0,False,0.07
GSW,2021-10,0.706,-0.2,14,0.927,1,0,False,0.043
HOU,2021-10,0.676,1.1,13,0.916,2,0,False,0.09
IND,2021-10,0.669,3.3,13,0.752,2,0,False,0.078
LAC,2021-10,0.615,-1.6,10,0.769,1,0,False,0.065
LAL,2021-10,0.786,5.5,11,1.0,1,0,False,0.058
MEM,2021-10,0.257,-5.1,13,0.71,1,3,False,0.042
MIA,2021-10,0.847,5.9,13,0.861,0,4,False,0.061
MIL,2021-10,0.803,4.7,15,0.841,2,0,False,0.066
MIN,2021-10,0.256,-2.0,10,0.691,1,0,False,0.013
NOP,2021-10,0.7,0.3,12,0.831,2,0,False,0.046
NYK,2021-10,0.361,-5.1,11,0.65,0,2,False,0.053
OKC,2021-10,0.457,0.6,12,0.834,2,0,False,0.04
ORL,2021-10,0.35,-5.3,10,0.742,2,3,False,0.059
PHI,2021-10,0.761,10.6,11,1.0,3,2,False,0.021
PHX,2021-10,0.525,2.8,14,0.927,1,0,False,0.013
POR,2021-10,0.425,-7.7,14,0.609,3,0,False,0.046
SAC,2021-10,0.509,3.3,15,0.668,1,0,False,0.065
SAS,2021-10,0.616,11.9,14,0.911,4,1,False,0.061
TOR,2021-10,0.669,1.0,14,0.894,2,2,False,0.043
UTA,2021-10,0.042,-12.8,14,0.659,2,0,False,0.066
WAS,2021-10,0.598,6.3,11,0.861,2,0,False,0.028
ATL,2021-11,0.221,-2.9,12,0.489,1,0,False,0.077
BOS,2021-11,0.638,4.7,13,0.86,1,2,False,0.076
BRK,2021-11,0.519,-2.4,15,0.664,1,1,False,0.096
CHA,2021-11,0.221,-8.9,11,0.901,2,0,False,0.086
CHI,2021-11,0.502,-1.9,14,0.678,2,0,False,0.062
CLE,2021-11,0.574,3.4,14,0.703,5,0,False,0.045
DAL,2021-11,0.5,-0.4,13,0.734,0,1,False,0.066
DEN,2021-11,0.66,8.3,14,0.944,1,2,False,0.025
DET,2021-11,0.411,-4.1,14,0.658,0,0,False,0.07
GSW,2021-11,0.642,-2.2,12,0.843,2,0,False,0.043
HOU,2021-11,0.658,7.6,10,0.913,2,0,False,0.09
IND,2021-11,0.684,6.2,15,0.927,0,0,False,0.078
LAC,2021-11,0.526,0.8,11,0.606,3,2,False,0.065
LAL,2021-11,0.756,7.6,10,0.827,4,0,False,0.058
MEM,2021-11,0.38,-9.6,14,0.585,1,2,False,0.042
MIA,2021-11,0.693,1.9,11,0.741,2,2,False,0.061
MIL,2021-11,0.721,7.6,13,0.901,0,0,False,0.066
MIN,2021-11,0.363,-2.6,10,0.846,2,0,False,0.013
NOP,2021-11,0.496,1.9,14,0.6,0,0,False,0.046
NYK,2021-11,0.247,-10.5,13,0.794,1,2,False,0.053
OKC,2021-11,0.528,3.9,12,0.844,2,0,False,0.04
ORL,2021-11,0.368,-2.9,10,0.873,5,0,False,0.059
PHI,2021-11,0.808,11.3,11,1.0,4,0,False,0.021
PHX,2021-11,0.429,2.8,15,0.658,1,0,False,0.013
POR,2021-11,0.388,-2.0,15,0.655,1,0,False,0.046
SAC,2021-11,0.319,-4.4,10,0.654,2,0,False,0.065
SAS,2021-11,0.789,10.2,15,0.906,3,2,False,0.061
TOR,2021-11,0.766,5.5,10,0.877,5,0,False,0.043
UTA,2021-11,0.12,-10.7,11,0.577,1,0,False,0.066
WAS,2021-11,0.631,-7.9,13,0.805,1,0,False,0.028
ATL,2021-12,0.477,-1.3,12,0.757,4,0,False,0.077
BOS,2021-12,0.722,-0.5,13,0.806,5,1,False,0.076
BRK,2021-12,0.519,2.1,15,0.769,4,1,False,0.096
CHA,2021-12,0.194,-7.9,15,0.727,3,0,False,0.086
CHI,2021-12,0.621,3.8,14,0.835,3,0,False,0.062
CLE,2021-12,0.636,1.9,13,0.572,2,0,False,0.045
DAL,2021-12,0.682,7.0,12,0.72,4,2,False,0.066
DEN,2021-12,0.761,2.4,12,0.962,4,3,False,0.025
DET,2021-12,0.281,-2.5,10,0.716,4,0,False,0.07
GSW,2021-12,0.712,8.5,13,0.908,2,0,False,0.043
HOU,2021-12,0.735,5.3,14,0.902,2,0,False,0.09
IND,2021-12,0.568,6.6,10,0.886,3,0,False,0.078
LAC,2021-12,0.74,9.6,15,0.769,1,3,False,0.065
LAL,2021-12,0.819,6.6,15,0.978,4,0,False,0.058
MEM,2021-12,0.285,-5.5,15,0.726,4,2,False,0.042
MIA,2021-12,0.799,3.0,14,0.825,3,1,False,0.061
MIL,2021-12,0.92,10.4,13,0.89,5,0,False,0.066
MIN,2021-12,0.318,-2.6,14,0.651,3,0,False,0.013
NOP,2021-12,0.388,-2.2,13,0.52,5,0,False,0.046
NYK,2021-12,0.321,-8.5,10,0.729,0,1,False,0.053
OKC,2021-12,0.676,7.9,13,0.627,2,0,False,0.04
ORL,2021-12,0.467,0.8,11,0.678,3,2,False,0.059
PHI,2021-12,0.631,1.1,10,0.714,1,2,False,0.021
PHX,2021-12,0.575,0.6,14,0.681,2,0,False,0.013
POR,2021-12,0.431,-4.6,14,0.745,2,0,False,0.046
SAC,2021-12,0.343,-3.4,13,0.652,1,0,False,0.065
SAS,2021-12,0.683,9.8,11,0.794,4,0,False,0.061
TOR,2021-12,0.726,3.6,13,0.807,0,2,False,0.043
UTA,2021-12,0.224,-5.8,15,0.454,3,0,False,0.066
WAS,2021-12,0.585,-0.8,14,0.894,5,0,False,0.028
ATL,2022-01,0.452,0.1,13,0.955,2,3,False,0.077
BOS,2022-01,0.739,5.4,13,1.0,0,2,False,0.076
BRK,2022-01,0.586,0.2,14,0.893,0,1,False,0.096
CHA,2022-01,0.348,-1.2,10,0.83,2,0,False,0.086
CHI,2022-01,0.479,-2.8,14,0.738,2,0,False,0.062
CLE,2022-01,0.577,0.6,14,0.735,0,3,False,0.045
DAL,2022-01,0.534,0.1,10,0.765,2,2,False,0.066
DEN,2022-01,0.541,2.2,13,0.732,1,0,False,0.025
DET,2022-01,0.536,2.0,11,0.729,1,0,False,0.07
GSW,2022-01,0.698,5.2,14,0.971,1,0,False,0.043
HOU,2022-01,0.785,8.4,11,0.809,0,0,False,0.09
IND,2022-01,0.682,5.8,11,0.88,3,0,False,0.078
LAC,2022-01,0.521,-0.3,12,0.765,1,1,False,0.065
LAL,2022-01,0.861,8.8,11,0.905,1,0,False,0.058
MEM,2022-01,0.308,-6.1,11,0.613,1,3,False,0.042
MIA,2022-01,0.801,4.7,10,0.842,2,3,False,0.061
MIL,2022-01,0.861,8.0,12,1.0,0,0,False,0.066
MIN,2022-01,0.354,-4.0,12,0.696,1,0,False,0.013
NOP,2022-01,0.473,2.3,13,0.503,5,0,False,0.046
NYK,2022-01,0.344,-2.4,10,0.781,3,1,False,0.053
OKC,2022-01,0.464,-1.7,10,0.692,0,0,False,0.04
ORL,2022-01,0.344,-4.3,11,0.572,0,1,False,0.059
PHI,2022-01,0.665,1.6,13,0.913,2,0,False,0.021
PHX,2022-01,0.442,-6.5,11,0.723,2,0,False,0.013
POR,2022-01,0.434,-0.6,13,0.779,5,0,False,0.046
SAC,2022-01,0.412,-2.6,10,0.523,1,0,False,0.065
SAS,2022-01,0.787,8.5,13,0.837,0,2,False,0.061
TOR,2022-01,0.74,5.9,15,0.876,3,1,False,0.043
UTA,2022-01,0.166,-11.4,10,0.453,1,0,False,0.066
WAS,2022-01,0.576,-0.8,11,0.794,2,0,False,0.028
ATL,2022-02,0.651,-0.2,15,0.941,2,0,False,0.077
BOS,2022-02,0.753,12.0,13,0.85,2,2,False,0.076
BRK,2022-02,0.74,5.3,10,0.92,2,1,False,0.096
CHA,2022-02,0.098,-10.3,12,0.778,2,0,False,0.086
CHI,2022-02,0.63,6.5,11,0.788,0,0,False,0.062
CLE,2022-02,0.548,1.3,14,0.744,1,0,False,0.045
DAL,2022-02,0.693,6.5,12,0.749,1,2,False,0.066
DEN,2022-02,0.662,4.1,11,0.993,0,1,False,0.025
DET,2022-02,0.37,-6.4,13,0.92,1,0,False,0.07
GSW,2022-02,0.768,1.5,15,1.0,4,0,False,0.043
HOU,2022-02,0.611,2.1,14,0.856,3,0,False,0.09
IND,2022-02,0.71,3.1,14,0.806,2,0,False,0.078
LAC,2022-02,0.578,9.4,14,1.0,0,2,False,0.065
LAL,2022-02,0.755,2.5,13,1.0,1,0,False,0.058
MEM,2022-02,0.237,-10.6,14,0.366,2,1,False,0.042
MIA,2022-02,0.733,4.1,12,0.836,1,1,False,0.061
MIL,2022-02,0.777,6.9,15,1.0,1,0,False,0.066
MIN,2022-02,0.361,-0.1,10,0.632,5,0,False,0.013
NOP,2022-02,0.577,10.5,13,0.757,2,0,False,0.046
NYK,2022-02,0.241,-5.4,13,0.708,0,2,False,0.053
OKC,2022-02,0.571,-3.6,11,0.671,2,0,False,0.04
ORL,2022-02,0.355,-6.5,15,0.818,0,5,False,0.059
PHI,2022-02,0.674,2.4,14,1.0,4,2,False,0.021
PHX,2022-02,0.625,-4.6,13,0.863,0,0,False,0.013
POR,2022-02,0.43,1.6,13,0.688,1,0,False,0.046
SAC,2022-02,0.376,-1.9,12,0.732,0,0,False,0.065
SAS,2022-02,0.71,6.6,11,1.0,1,1,False,0.061
TOR,2022-02,0.593,1.4,15,1.0,2,2,False,0.043
UTA,2022-02,0.232,-9.6,14,0.661,2,0,False,0.066
WAS,2022-02,0.569,2.5,12,0.827,3,0,False,0.028
ATL,2022-03,0.608,-1.1,14,0.97,2,1,False,0.077
BOS,2022-03,0.948,7.9,13,0.861,1,2,False,0.076
BRK,2022-03,0.415,-3.3,12,0.959,2,3,False,0.096
CHA,2022-03,0.352,1.0,14,0.843,2,0,False,0.086
CHI,2022-03,0.57,2.1,11,0.806,0,0,False,0.062
CLE,2022-03,0.552,8.6,10,0.843,2,3,False,0.045
DAL,2022-03,0.812,10.2,13,0.929,2,0,False,0.066
DEN,2022-03,0.736,7.3,13,0.674,0,0,False,0.025
DET,2022-03,0.382,-5.1,13,0.878,3,0,False,0.07
GSW,2022-03,0.779,6.0,10,0.958,2,0,False,0.043
HOU,2022-03,0.686,6.7,11,0.787,0,0,False,0.09
IND,2022-03,0.583,2.2,13,0.877,1,0,False,0.078
LAC,2022-03,0.562,3.1,14,0.709,2,0,False,0.065
LAL,2022-03,0.754,9.5,11,0.921,0,0,False,0.058
MEM,2022-03,0.406,-1.3,11,0.617,1,2,False,0.042
MIA,2022-03,0.817,5.1,13,0.812,1,1,False,0.061
MIL,2022-03,0.731,5.5,14,0.867,1,0,False,0.066
MIN,2022-03,0.35,-1.2,14,0.694,2,0,False,0.013
NOP,2022-03,0.595,-2.6,12,0.727,0,0,False,0.046
NYK,2022-03,0.238,-5.7,13,0.746,2,3,False,0.053
OKC,2022-03,0.54,3.9,13,0.662,2,0,False,0.04
ORL,2022-03,0.461,7.5,12,0.65,0,3,False,0.059
PHI,2022-03,0.702,4.5,11,0.795,0,2,False,0.021
PHX,2022-03,0.502,2.6,14,0.831,0,0,False,0.013
POR,2022-03,0.419,-3.4,10,0.841,2,0,False,0.046
SAC,2022-03,0.408,-0.6,12,0.602,0,0,False,0.065
SAS,2022-03,0.835,12.7,14,0.922,3,2,False,0.061
TOR,2022-03,0.753,4.8,12,0.838,1,2,False,0.043
UTA,2022-03,0.302,-2.5,15,0.691,1,0,False,0.066
WAS,2022-03,0.688,4.9,10,0.881,3,0,False,0.028
ATL,2022-04,0.0,-10.5,0,0.598,0,0,True,0.077
BOS,2022-04,0.652,5.5,11,0.845,0,1,True,0.076
BRK,2022-04,0.493,5.1,9,0.758,0,0,True,0.096
CHA,2022-04,0.0,-14.7,0,0.543,0,0,True,0.086
CHI,2022-04,0.698,5.4,5,0.883,0,0,True,0.062
CLE,2022-04,0.596,3.0,6,0.879,0,1,True,0.045
DAL,2022-04,0.696,6.4,10,0.989,0,4,True,0.066
DEN,2022-04,0.701,7.6,12,0.894,0,0,True,0.025
DET,2022-04,0.0,-11.6,0,0.456,0,0,True,0.07
GSW,2022-04,0.778,8.9,16,0.896,0,0,True,0.043
HOU,2022-04,0.901,8.9,12,1.0,0,0,True,0.09
IND,2022-04,0.664,0.7,7,0.98,0,0,True,0.078
LAC,2022-04,0.634,4.3,11,0.808,0,2,True,0.065
LAL,2022-04,0.95,8.8,15,0.904,0,0,True,0.058
MEM,2022-04,0.0,-13.3,0,0.446,0,0,True,0.042
MIA,2022-04,0.95,12.6,9,0.897,0,1,True,0.061
MIL,2022-04,0.929,8.8,11,0.918,0,0,True,0.066
MIN,2022-04,0.0,-10.1,0,0.725,0,0,True,0.013
NOP,2022-04,0.0,-10.7,0,0.446,0,0,True,0.046
NYK,2022-04,0.0,-15.7,0,0.71,0,0,True,0.053
OKC,2022-04,0.0,-8.3,0,0.461,0,0,True,0.04
ORL,2022-04,0.0,-14.7,0,0.555,0,0,True,0.059
PHI,2022-04,0.799,2.0,12,0.999,0,0,True,0.021
PHX,2022-04,0.0,-9.8,0,0.486,0,0,True,0.013
POR,2022-04,0.0,-5.7,0,0.649,0,0,True,0.046
SAC,2022-04,0.0,-11.5,0,0.557,0,0,True,0.065
SAS,2022-04,0.806,11.6,8,0.879,0,5,True,0.061
TOR,2022-04,0.704,1.1,10,0.905,0,0,True,0.043
UTA,2022-04,0.0,-15.9,0,0.449,0,0,True,0.066
WAS,2022-04,0.687,8.5,11,0.958,0,0,True,0.028
ATL,2022-05,0.0,-12.0,0,0.597,0,0,True,0.077
BOS,2022-05,0.841,11.1,16,1.0,0,0,True,0.076
BRK,2022-05,0.568,-4.1,6,0.624,0,1,True,0.096
CHA,2022-05,0.0,-18.1,0,0.492,0,0,True,0.086
CHI,2022-05,0.502,-3.5,12,0.773,0,0,True,0.062
CLE,2022-05,0.698,2.4,7,0.828,0,0,True,0.045
DAL,2022-05,0.694,9.7,9,0.944,0,1,True,0.066
DEN,2022-05,0.873,13.8,6,0.829,0,3,True,0.025
DET,2022-05,0.0,-13.7,0,0.558,0,0,True,0.07
GSW,2022-05,0.771,8.2,6,0.862,0,0,True,0.043
HOU,2022-05,0.944,10.7,8,0.934,0,0,True,0.09
IND,2022-05,0.769,4.6,16,0.8,0,0,True,0.078
LAC,2022-05,0.752,5.5,11,0.653,0,1,True,0.065
LAL,2022-05,0.873,13.4,15,0.977,0,0,True,0.058
MEM,2022-05,0.0,-9.9,0,0.39,0,0,True,0.042
MIA,2022-05,0.798,6.1,8,0.744,0,2,True,0.061
MIL,2022-05,0.95,8.4,5,0.925,0,0,True,0.066
MIN,2022-05,0.0,-16.2,0,0.523,0,0,True,0.013
NOP,2022-05,0.0,-6.5,0,0.674,0,0,True,0.046
NYK,2022-05,0.0,-16.6,0,0.606,0,0,True,0.053
OKC,2022-05,0.0,-18.2,0,0.589,0,0,True,0.04
ORL,2022-05,0.0,-13.1,0,0.522,0,0,True,0.059
PHI,2022-05,0.845,5.4,12,0.923,0,0,True,0.021
PHX,2022-05,0.0,-10.6,0,0.581,0,0,True,0.013
POR,2022-05,0.0,-11.3,0,0.659,0,0,True,0.046
SAC,2022-05,0.0,-8.3,0,0.574,0,0,True,0.065
SAS,2022-05,0.747,4.7,10,0.997,0,2,True,0.061
TOR,2022-05,0.621,5.6,15,0.928,0,1,True,0.043
UTA,2022-05,0.0,-15.4,0,0.3,0,0,True,0.066
WAS,2022-05,0.473,-3.7,7,0.739,0,0,True,0.028
ATL,2022-06,0.0,-12.6,0,0.537,0,0,True,0.077
BOS,2022-06,0.791,3.5,8,0.89,0,0,True,0.076
BRK,2022-06,0.697,6.0,8,1.0,0,3,True,0.096
CHA,2022-06,0.0,-12.0,0,0.67,0,0,True,0.086
CHI,2022-06,0.618,3.4,5,0.846,0,0,True,0.062
CLE,2022-06,0.772,6.7,4,0.737,0,2,True,0.045
DAL,2022-06,0.734,4.4,11,0.757,0,0,True,0.066
DEN,2022-06,0.785,5.7,10,0.929,0,4,True,0.025
DET,2022-06,0.0,-13.1,0,0.403,0,0,True,0.07
GSW,2022-06,0.776,8.5,12,0.896,0,0,True,0.043
HOU,2022-06,0.796,5.5,8,0.868,0,0,True,0.09
IND,2022-06,0.746,6.6,4,0.855,0,0,True,0.078
LAC,2022-06,0.722,9.1,9,0.905,0,3,True,0.065
LAL,2022-06,0.748,9.0,11,0.897,0,0,True,0.058
MEM,2022-06,0.0,-9.8,0,0.383,0,0,True,0.042
MIA,2022-06,0.825,7.5,6,0.908,0,2,True,0.061
MIL,2022-06,0.794,8.2,9,0.903,0,0,True,0.066
MIN,2022-06,0.0,-12.6,0,0.588,0,0,True,0.013
NOP,2022-06,0.0,-18.2,0,0.441,0,0,True,0.046
NYK,2022-06,0.0,-9.0,0,0.44,0,0,True,0.053
OKC,2022-06,0.0,-11.1,0,0.555,0,0,True,0.04
ORL,2022-06,0.0,-14.2,0,0.452,0,0,True,0.059
PHI,2022-06,0.916,11.5,7,0.881,0,1,True,0.021
PHX,2022-06,0.0,-17.4,0,0.62,0,0,True,0.013
POR,2022-06,0.0,-12.8,0,0.636,0,0,True,0.046
SAC,2022-06,0.0,-14.5,0,0.489,0,0,True,0.065
SAS,2022-06,0.84,6.8,13,0.993,0,1,True,0.061
TOR,2022-06,0.913,12.6,8,1.0,0,1,True,0.043
UTA,2022-06,0.0,-12.3,0,0.343,0,0,True,0.066
WAS,2022-06,0.747,4.0,13,0.717,0,0,True,0.028
ATL,2022-07,0.489,-1.5,0,0.874,0,0,False,0.077
BOS,2022-07,0.724,8.3,0,0.799,0,0,False,0.076
BRK,2022-07,0.566,-1.2,0,0.797,0,0,False,0.096
CHA,2022-07,0.229,-1.9,0,0.521,0,0,False,0.086
CHI,2022-07,0.536,1.8,0,0.803,0,0,False,0.062
CLE,2022-07,0.602,-0.5,0,0.91,0,0,False,0.045
DAL,2022-07,0.621,2.3,0,0.843,0,0,False,0.066
DEN,2022-07,0.845,7.7,0,0.909,0,0,False,0.025
DET,2022-07,0.335,0.5,0,0.723,0,0,False,0.07
GSW,2022-07,0.665,3.3,0,0.931,0,0,False,0.043
HOU,2022-07,0.708,6.5,0,0.749,0,0,False,0.09
IND,2022-07,0.844,12.1,0,0.95,0,0,False,0.078
LAC,2022-07,0.619,0.5,0,0.827,0,0,False,0.065
LAL,2022-07,0.837,7.4,0,0.958,0,0,False,0.058
MEM,2022-07,0.09,-5.3,0,0.586,0,0,False,0.042
MIA,2022-07,0.751,8.3,0,0.938,0,0,False,0.061
MIL,2022-07,0.892,6.3,0,0.865,0,0,False,0.066
MIN,2022-07,0.337,-3.2,0,0.72,0,0,False,0.013
NOP,2022-07,0.357,0.9,0,0.576,0,0,False,0.046
NYK,2022-07,0.243,-5.4,0,0.766,0,0,False,0.053
OKC,2022-07,0.382,-5.7,0,0.677,0,0,False,0.04
ORL,2022-07,0.507,2.8,0,0.734,0,0,False,0.059
PHI,2022-07,0.727,1.4,0,0.887,0,0,False,0.021
PHX,2022-07,0.555,-6.1,0,0.894,0,0,False,0.013
POR,2022-07,0.353,-7.1,0,0.736,0,0,False,0.046
SAC,2022-07,0.341,-0.0,0,0.489,0,0,False,0.065
SAS,2022-07,0.756,12.5,0,0.955,0,0,False,0.061
TOR,2022-07,0.662,0.6,0,0.875,0,0,False,0.043
UTA,2022-07,0.21,-9.3,0,0.496,0,0,False,0.066
WAS,2022-07,0.583,4.9,0,0.866,0,0,False,0.028
ATL,2022-08,0.404,0.2,0,0.588,0,0,False,0.077
BOS,2022-08,0.725,9.3,0,0.806,0,0,False,0.076
BRK,2022-08,0.403,-1.4,0,0.735,0,0,False,0.096
CHA,2022-08,0.365,-5.6,0,0.603,0,0,False,0.086
CHI,2022-08,0.566,0.5,0,0.955,0,0,False,0.062
CLE,2022-08,0.613,5.8,0,0.807,0,0,False,0.045
DAL,2022-08,0.669,0.4,0,0.833,0,0,False,0.066
DEN,2022-08,0.623,2.4,0,0.688,0,0,False,0.025
DET,2022-08,0.426,1.6,0,0.81,0,0,False,0.07
GSW,2022-08,0.864,10.7,0,0.888,0,0,False,0.043
HOU,2022-08,0.795,13.9,0,0.857,0,0,False,0.09
IND,2022-08,0.745,9.3,0,0.864,0,0,False,0.078
LAC,2022-08,0.563,0.5,0,0.994,0,0,False,0.065
LAL,2022-08,0.733,6.2,0,0.767,0,0,False,0.058
MEM,2022-08,0.201,-4.2,0,0.666,0,0,False,0.042
MIA,2022-08,0.766,8.3,0,0.842,0,0,False,0.061
MIL,2022-08,0.828,4.4,0,0.804,0,0,False,0.066
MIN,2022-08,0.467,-1.5,0,0.673,0,0,False,0.013
NOP,2022-08,0.428,-3.1,0,0.627,0,0,False,0.046
NYK,2022-08,0.339,-2.7,0,0.798,0,0,False,0.053
OKC,2022-08,0.517,3.0,0,0.645,0,0,False,0.04
ORL,2022-08,0.393,-2.3,0,0.741,0,0,False,0.059
PHI,2022-08,0.598,1.9,0,0.656,0,0,False,0.021
PHX,2022-08,0.528,2.5,0,0.743,0,0,False,0.013
POR,2022-08,0.47,-1.8,0,0.763,0,0,False,0.046
SAC,2022-08,0.366,1.4,0,0.708,0,0,False,0.065
SAS,2022-08,0.773,6.1,0,0.829,0,0,False,0.061
TOR,2022-08,0.772,5.5,0,0.97,0,0,False,0.043
UTA,2022-08,0.271,-4.4,0,0.573,0,0,False,0.066
WAS,2022-08,0.59,-0.2,0,0.917,0,0,False,0.028
ATL,2022-09,0.463,-4.3,0,0.699,0,0,False,0.077
BOS,2022-09,0.709,7.2,0,0.972,0,0,False,0.076
BRK,2022-09,0.506,-5.4,0,0.75,0,0,False,0.096
CHA,2022-09,0.224,-11.9,0,0.511,0,0,False,0.086
CHI,2022-09,0.604,4.9,0,0.911,0,0,False,0.062
CLE,2022-09,0.634,5.8,0,0.745,0,0,False,0.045
DAL,2022-09,0.607,3.6,0,0.793,0,0,False,0.066
DEN,2022-09,0.663,7.9,0,0.665,0,0,False,0.025
DET,2022-09,0.154,-2.6,0,0.59,0,0,False,0.07
GSW,2022-09,0.725,1.2,0,0.701,0,0,False,0.043
HOU,2022-09,0.705,6.2,0,0.757,0,0,False,0.09
IND,2022-09,0.533,-2.2,0,0.741,0,0,False,0.078
LAC,2022-09,0.502,4.7,0,0.713,0,0,False,0.065
LAL,2022-09,0.813,10.9,0,1.0,0,0,False,0.058
MEM,2022-09,0.189,-15.1,0,0.48,0,0,False,0.042
MIA,2022-09,0.708,-0.4,0,0.934,0,0,False,0.061
MIL,2022-09,0.882,3.1,0,0.796,0,0,False,0.066
MIN,2022-09,0.328,-1.8,0,0.655,0,0,False,0.013
NOP,2022-09,0.713,3.6,0,0.883,0,0,False,0.046
NYK,2022-09,0.32,0.1,0,0.685,0,0,False,0.053
OKC,2022-09,0.451,3.7,0,0.601,0,0,False,0.04
ORL,2022-09,0.579,3.7,0,0.822,0,0,False,0.059
PHI,2022-09,0.61,-0.3,0,0.885,0,0,False,0.021
PHX,2022-09,0.573,-3.2,0,0.713,0,0,False,0.013
POR,2022-09,0.433,2.6,0,0.63,0,0,False,0.046
SAC,2022-09,0.275,-5.1,0,0.755,0,0,False,0.065
SAS,2022-09,0.528,-3.5,0,0.652,0,0,False,0.061
TOR,2022-09,0.727,1.6,0,1.0,0,0,False,0.043
UTA,2022-09,0.155,-2.6,0,0.584,0,0,False,0.066
WAS,2022-09,0.672,2.8,0,0.907,0,0,False,0.028
ATL,2022-10,0.463,3.8,13,0.895,2,1,False,0.077
BOS,2022-10,0.605,5.6,15,0.801,2,0,False,0.076
BRK,2022-10,0.445,3.6,13,0.851,3,1,False,0.096
CHA,2022-10,0.342,-5.3,11,0.596,2,0,False,0.086
CHI,2022-10,0.723,4.4,12,0.817,5,0,False,0.062
CLE,2022-10,0.563,2.8,13,0.977,6,1,False,0.045
DAL,2022-10,0.704,7.7,13,0.97,3,4,False,0.066
DEN,2022-10,0.665,3.9,15,0.777,1,0,False,0.025
DET,2022-10,0.325,-1.3,14,0.691,0,0,False,0.07
GSW,2022-10,0.672,2.6,15,0.864,0,0,False,0.043
HOU,2022-10,0.676,2.9,15,0.812,2,0,False,0.09
IND,2022-10,0.555,-0.2,15,0.802,2,0,False,0.078
LAC,2022-10,0.535,-1.3,14,0.683,1,1,False,0.065
LAL,2022-10,0.89,10.0,13,0.88,2,0,False,0.058
MEM,2022-10,0.18,-11.0,14,0.548,2,2,False,0.042
MIA,2022-10,0.926,14.8,14,0.858,2,2,False,0.061
MIL,2022-10,0.833,10.1,10,0.754,2,0,False,0.066
MIN,2022-10,0.267,-7.1,11,0.751,2,0,False,0.013
NOP,2022-10,0.404,-0.8,15,0.76,2,0,False,0.046
NYK,2022-10,0.275,-11.4,15,0.738,3,3,False,0.053
OKC,2022-10,0.403,-5.1,13,0.452,2,0,False,0.04
ORL,2022-10,0.405,0.7,15,0.644,0,2,False,0.059
PHI,2022-10,0.636,-0.2,15,0.77,1,1,False,0.021
PHX,2022-10,0.582,3.8,12,1.0,2,0,False,0.013
POR,2022-10,0.318,-1.4,13,0.731,2,0,False,0.046
SAC,2022-10,0.322,-3.7,13,0.725,3,0,False,0.065
SAS,2022-10,0.79,5.0,12,0.822,1,1,False,0.061
TOR,2022-10,0.633,-0.9,11,0.916,0,1,False,0.043
UTA,2022-10,0.246,-5.0,10,0.747,2,0,False,0.066
WAS,2022-10,0.532,0.5,12,0.903,1,0,False,0.028
ATL,2022-11,0.481,4.5,13,0.887,2,0,False,0.077
BOS,2022-11,0.871,8.1,14,1.0,5,1,False,0.076
BRK,2022-11,0.607,7.1,12,0.981,2,2,False,0.096
CHA,2022-11,0.224,-4.5,14,0.721,1,0,False,0.086
CHI,2022-11,0.602,3.2,14,0.669,4,0,False,0.062
CLE,2022-11,0.541,-1.5,11,0.972,1,2,False,0.045
DAL,2022-11,0.549,1.6,15,0.83,4,2,False,0.066
DEN,2022-11,0.615,0.3,12,0.854,2,2,False,0.025
DET,2022-11,0.384,-4.2,13,0.724,0,0,False,0.07
GSW,2022-11,0.609,-2.0,11,0.9,0,0,False,0.043
HOU,2022-11,0.762,2.8,15,0.927,5,0,False,0.09
IND,2022-11,0.729,2.6,14,0.807,0,0,False,0.078
LAC,2022-11,0.663,3.6,14,1.0,3,1,False,0.065
LAL,2022-11,0.831,2.8,14,1.0,1,0,False,0.058
MEM,2022-11,0.268,-8.0,14,0.571,2,1,False,0.042
MIA,2022-11,0.798,5.7,14,1.0,1,1,False,0.061
MIL,2022-11,0.917,9.7,14,0.901,3,0,False,0.066
MIN,2022-11,0.37,-2.9,14,0.684,1,0,False,0.013
NOP,2022-11,0.468,-4.1,15,0.708,2,0,False,0.046
NYK,2022-11,0.353,-2.2,14,0.64,3,2,False,0.053
OKC,2022-11,0.537,3.7,10,0.735,2,0,False,0.04
ORL,2022-11,0.502,-1.8,13,0.617,1,4,False,0.059
PHI,2022-11,0.662,3.4,12,0.871,1,1,False,0.021
PHX,2022-11,0.456,1.3,14,0.697,3,0,False,0.013
POR,2022-11,0.321,-3.8,11,0.619,5,0,False,0.046
SAC,2022-11,0.33,-8.0,14,0.876,1,0,False,0.065
SAS,2022-11,0.75,7.6,11,0.976,2,0,False,0.061
TOR,2022-11,0.624,2.0,10,1.0,3,0,False,0.043
UTA,2022-11,0.254,-7.6,10,0.679,0,0,False,0.066
WAS,2022-11,0.487,-3.4,12,0.557,2,0,False,0.028
ATL,2022-12,0.507,-0.8,14,0.712,2,3,False,0.077
BOS,2022-12,0.676,-4.6,10,0.981,1,4,False,0.076
BRK,2022-12,0.528,4.0,14,0.745,0,2,False,0.096
CHA,2022-12,0.292,-3.9,14,0.57,1,0,False,0.086
CHI,2022-12,0.53,4.4,15,0.84,1,0,False,0.062
CLE,2022-12,0.411,-4.8,11,0.7,4,1,False,0.045
DAL,2022-12,0.61,0.1,11,0.857,1,1,False,0.066
DEN,2022-12,0.746,6.3,15,0.759,5,1,False,0.025
DET,2022-12,0.466,-1.3,12,0.761,1,0,False,0.07
GSW,2022-12,0.737,7.3,12,0.907,3,0,False,0.043
HOU,2022-12,0.736,-0.2,12,0.979,1,0,False,0.09
IND,2022-12,0.709,0.2,15,0.949,1,0,False,0.078
LAC,2022-12,0.621,4.9,11,0.832,1,2,False,0.065
LAL,2022-12,0.878,4.9,10,0.817,1,0,False,0.058
MEM,2022-12,0.321,-6.4,14,0.556,1,3,False,0.042
MIA,2022-12,0.837,10.8,11,0.993,1,3,False,0.061
MIL,2022-12,0.912,15.0,11,0.829,3,0,False,0.066
MIN,2022-12,0.384,2.8,11,0.866,1,0,False,0.013
NOP,2022-12,0.397,-5.6,11,0.602,0,0,False,0.046
NYK,2022-12,0.337,-9.2,11,0.814,2,1,False,0.053
OKC,2022-12,0.369,-1.5,11,0.759,2,0,False,0.04
ORL,2022-12,0.385,-9.4,15,0.676,1,0,False,0.059
PHI,2022-12,0.76,2.3,13,0.847,2,1,False,0.021
PHX,2022-12,0.403,-2.7,12,0.592,2,0,False,0.013
POR,2022-12,0.43,-0.5,15,0.583,1,0,False,0.046
SAC,2022-12,0.38,-0.4,11,0.77,3,0,False,0.065
SAS,2022-12,0.748,4.0,11,0.81,1,3,False,0.061
TOR,2022-12,0.69,8.1,15,0.672,3,2,False,0.043
UTA,2022-12,0.296,-8.5,14,0.67,0,0,False,0.066
WAS,2022-12,0.773,7.9,13,0.958,1,0,False,0.028
ATL,2023-01,0.583,7.3,14,0.628,5,2,False,0.077
BOS,2023-01,0.659,0.0,11,0.922,0,0,False,0.076
BRK,2023-01,0.444,-0.7,13,0.862,2,1,False,0.096
CHA,2023-01,0.196,-7.7,10,0.587,2,0,False,0.086
CHI,2023-01,0.576,-4.9,10,0.769,5,0,False,0.062
CLE,2023-01,0.535,-1.7,12,1.0,2,2,False,0.045
DAL,2023-01,0.697,1.9,12,0.8,1,4,False,0.066
DEN,2023-01,0.756,6.0,13,0.751,2,1,False,0.025
DET,2023-01,0.455,4.7,15,0.769,1,0,False,0.07
GSW,2023-01,0.546,4.5,10,0.815,2,0,False,0.043
HOU,2023-01,0.879,8.3,14,1.0,3,0,False,0.09
IND,2023-01,0.606,-5.0,11,0.681,1,0,False,0.078
LAC,2023-01,0.574,3.4,12,0.53,3,4,False,0.065
LAL,2023-01,0.778,4.9,11,1.0,0,0,False,0.058
MEM,2023-01,0.307,-11.8,10,0.634,2,1,False,0.042
MIA,2023-01,0.781,2.2,10,0.752,4,2,False,0.061
MIL,2023-01,0.83,3.7,15,0.835,2,0,False,0.066
MIN,2023-01,0.454,-0.2,11,0.797,3,0,False,0.013
NOP,2023-01,0.459,1.1,12,0.732,0,0,False,0.046
NYK,2023-01,0.388,-3.0,15,0.655,1,2,False,0.053
OKC,2023-01,0.605,1.9,13,0.709,2,0,False,0.04
ORL,2023-01,0.513,4.7,13,0.837,2,2,False,0.059
PHI,2023-01,0.708,1.1,12,0.894,2,1,False,0.021
PHX,2023-01,0.323,-8.0,10,0.702,5,0,False,0.013
POR,2023-01,0.467,-7.1,12,0.82,0,0,False,0.046
SAC,2023-01,0.349,-5.3,13,0.813,0,0,False,0.065
SAS,2023-01,0.726,2.7,13,0.805,0,0,False,0.061
TOR,2023-01,0.693,6.2,10,0.774,1,2,False,0.043
UTA,2023-01,0.277,-2.3,13,0.614,3,0,False,0.066
WAS,2023-01,0.588,2.0,12,1.0,1,0,False,0.028
ATL,2023-02,0.534,2.0,14,0.686,2,0,False,0.077
BOS,2023-02,0.705,11.9,11,1.0,0,0,False,0.076
BRK,2023-02,0.439,-0.4,10,0.925,2,1,False,0.096
CHA,2023-02,0.299,-1.1,14,0.594,4,0,False,0.086
CHI,2023-02,0.534,2.4,10,0.712,2,0,False,0.062
CLE,2023-02,0.504,-2.8,10,0.782,1,4,False,0.045
DAL,2023-02,0.589,7.6,10,0.555,3,1,False,0.066
DEN,2023-02,0.617,5.9,11,0.711,2,0,False,0.025
DET,2023-02,0.397,1.4,14,0.763,1,0,False,0.07
GSW,2023-02,0.886,10.2,15,1.0,0,0,False,0.043
HOU,2023-02,0.795,4.9,13,0.989,3,0,False,0.09
IND,2023-02,0.596,4.3,14,0.834,2,0,False,0.078
LAC,2023-02,0.596,-0.8,12,0.706,2,1,False,0.065
LAL,2023-02,0.814,15.8,13,0.869,2,0,False,0.058
MEM,2023-02,0.149,-12.7,12,0.425,2,0,False,0.042
MIA,2023-02,0.772,9.6,15,0.901,1,1,False,0.061
MIL,2023-02,0.896,10.9,14,0.919,6,0,False,0.066
MIN,2023-02,0.25,-6.0,14,0.527,2,0,False,0.013
NOP,2023-02,0.407,-0.5,13,0.584,0,0,False,0.046
NYK,2023-02,0.161,-6.8,13,0.803,2,6,False,0.053
OKC,2023-02,0.365,0.0,10,0.595,2,0,False,0.04
ORL,2023-02,0.364,-5.9,15,0.681,3,2,False,0.059
PHI,2023-02,0.645,-1.9,15,0.699,5,4,False,0.021
PHX,2023-02,0.498,-2.0,12,0.707,1,0,False,0.013
POR,2023-02,0.583,0.0,14,0.705,3,0,False,0.046
SAC,2023-02,0.473,4.4,10,0.923,1,0,False,0.065
SAS,2023-02,0.697,6.6,15,0.763,2,1,False,0.061
TOR,2023-02,0.702,3.0,15,0.735,2,3,False,0.043
UTA,2023-02,0.313,-8.9,11,0.608,1,0,False,0.066
WAS,2023-02,0.49,-1.3,15,0.779,1,0,False,0.028
ATL,2023-03,0.386,0.9,11,0.829,3,1,False,0.077
BOS,2023-03,0.652,9.8,15,0.822,1,4,False,0.076
BRK,2023-03,0.591,5.8,14,0.853,3,4,False,0.096
CHA,2023-03,0.306,-8.1,15,0.651,5,0,False,0.086
CHI,2023-03,0.574,0.8,15,0.706,1,0,False,0.062
CLE,2023-03,0.552,3.3,14,0.991,2,3,False,0.045
DAL,2023-03,0.692,-1.9,13,0.991,2,4,False,0.066
DEN,2023-03,0.643,4.9,12,0.549,0,2,False,0.025
DET,2023-03,0.394,-3.5,14,0.79,3,0,False,0.07
GSW,2023-03,0.639,7.6,10,0.942,3,0,False,0.043
HOU,2023-03,0.671,7.2,15,0.981,1,0,False,0.09
IND,2023-03,0.619,2.7,15,0.895,2,0,False,0.078
LAC,2023-03,0.546,1.3,14,0.784,1,2,False,0.065
LAL,2023-03,0.947,14.2,15,0.774,4,0,False,0.058
MEM,2023-03,0.196,-12.6,14,0.529,3,2,False,0.042
MIA,2023-03,0.799,4.3,11,0.85,1,2,False,0.061
MIL,2023-03,0.852,11.5,12,1.0,4,0,False,0.066
MIN,2023-03,0.266,-6.8,12,0.706,1,0,False,0.013
NOP,2023-03,0.441,-1.3,12,0.564,1,0,False,0.046
NYK,2023-03,0.227,-13.6,13,0.74,3,1,False,0.053
OKC,2023-03,0.529,0.9,15,0.762,1,0,False,0.04
ORL,2023-03,0.649,1.8,13,0.816,2,1,False,0.059
PHI,2023-03,0.854,9.7,15,0.957,2,1,False,0.021
PHX,2023-03,0.569,-0.8,11,0.98,1,0,False,0.013
POR,2023-03,0.44,-3.7,11,0.8,0,0,False,0.046
SAC,2023-03,0.358,-4.0,12,0.561,6,0,False,0.065
SAS,2023-03,0.826,12.1,15,0.92,0,0,False,0.061
TOR,2023-03,0.74,7.8,11,0.945,0,0,False,0.043
UTA,2023-03,0.266,-8.3,11,0.597,3,0,False,0.066
WAS,2023-03,0.546,2.5,15,0.883,3,0,False,0.028
ATL,2023-04,0.0,-11.2,0,0.645,0,0,True,0.077
BOS,2023-04,0.95,5.5,7,0.904,0,1,True,0.076
BRK,2023-04,0.443,5.9,9,0.77,0,0,True,0.096
CHA,2023-04,0.0,-15.6,0,0.538,0,0,True,0.086
CHI,2023-04,0.652,3.9,14,0.755,0,0,True,0.062
CLE,2023-04,0.841,7.1,16,0.911,0,1,True,0.045
DAL,2023-04,0.737,13.0,13,0.703,0,1,True,0.066
DEN,2023-04,0.535,-2.1,12,0.705,0,3,True,0.025
DET,2023-04,0.0,-8.3,0,0.449,0,0,True,0.07
GSW,2023-04,0.724,10.1,15,0.879,0,0,True,0.043
HOU,2023-04,0.868,15.4,8,0.982,0,0,True,0.09
IND,2023-04,0.823,4.2,10,0.799,0,0,True,0.078
LAC,2023-04,0.701,5.4,12,0.785,0,2,True,0.065
LAL,2023-04,0.828,4.1,4,0.888,0,0,True,0.058
MEM,2023-04,0.0,-14.5,0,0.601,0,0,True,0.042
MIA,2023-04,0.95,13.0,9,0.888,0,2,True,0.061
MIL,2023-04,0.865,10.1,9,0.765,0,0,True,0.066
MIN,2023-04,0.0,-11.5,0,0.477,0,0,True,0.013
NOP,2023-04,0.0,-16.3,0,0.571,0,0,True,0.046
NYK,2023-04,0.0,-16.1,0,0.568,0,0,True,0.053
OKC,2023-04,0.0,-17.6,0,0.369,0,0,True,0.04
ORL,2023-04,0.0,-14.0,0,0.554,0,0,True,0.059
PHI,2023-04,0.805,6.6,8,0.967,0,1,True,0.021
PHX,2023-04,0.0,-12.2,0,0.73,0,0,True,0.013
POR,2023-04,0.0,-14.1,0,0.466,0,0,True,0.046
SAC,2023-04,0.0,-13.7,0,0.712,0,0,True,0.065
SAS,2023-04,0.79,4.1,12,0.796,0,3,True,0.061
TOR,2023-04,0.77,6.5,12,0.796,0,1,True,0.043
UTA,2023-04,0.0,-17.7,0,0.398,0,0,True,0.066
WAS,2023-04,0.818,7.5,13,1.0,0,0,True,0.028
ATL,2023-05,0.0,-14.7,0,0.465,0,0,True,0.077
BOS,2023-05,0.95,14.6,14,0.982,0,4,True,0.076
BRK,2023-05,0.587,3.6,15,0.86,0,0,True,0.096
CHA,2023-05,0.0,-15.2,0,0.535,0,0,True,0.086
CHI,2023-05,0.728,6.7,6,0.883,0,0,True,0.062
CLE,2023-05,0.566,-6.0,12,0.721,0,0,True,0.045
DAL,2023-05,0.796,4.3,8,1.0,0,0,True,0.066
DEN,2023-05,0.754,8.7,5,0.751,0,1,True,0.025
DET,2023-05,0.0,-14.4,0,0.649,0,0,True,0.07
GSW,2023-05,0.879,11.6,8,1.0,0,0,True,0.043
HOU,2023-05,0.95,12.8,11,0.948,0,0,True,0.09
IND,2023-05,0.736,14.1,9,0.687,0,0,True,0.078
LAC,2023-05,0.621,7.9,5,0.847,0,3,True,0.065
LAL,2023-05,0.918,6.0,16,1.0,0,0,True,0.058
MEM,2023-05,0.0,-12.5,0,0.402,0,0,True,0.042
MIA,2023-05,0.806,1.1,5,0.886,0,1,True,0.061
MIL,2023-05,0.9,8.6,5,1.0,0,0,True,0.066
MIN,2023-05,0.0,-15.1,0,0.568,0,0,True,0.013
NOP,2023-05,0.0,-12.2,0,0.463,0,0,True,0.046
NYK,2023-05,0.0,-8.4,0,0.492,0,0,True,0.053
OKC,2023-05,0.0,-11.3,0,0.633,0,0,True,0.04
ORL,2023-05,0.0,-9.1,0,0.589,0,0,True,0.059
PHI,2023-05,0.677,5.7,11,0.745,0,1,True,0.021
PHX,2023-05,0.0,-12.0,0,0.497,0,0,True,0.013
POR,2023-05,0.0,-5.9,0,0.577,0,0,True,0.046
SAC,2023-05,0.0,-18.6,0,0.454,0,0,True,0.065
SAS,2023-05,0.782,13.5,5,0.836,0,0,True,0.061
TOR,2023-05,0.812,8.1,7,0.902,0,0,True,0.043
UTA,2023-05,0.0,-10.7,0,0.41,0,0,True,0.066
WAS,2023-05,0.689,1.1,14,0.788,0,0,True,0.028
ATL,2023-06,0.0,-15.7,0,0.678,0,0,True,0.077
BOS,2023-06,0.716,11.2,6,0.764,0,3,True,0.076
BRK,2023-06,0.65,8.1,13,0.867,0,1,True,0.096
CHA,2023-06,0.0,-12.4,0,0.732,0,0,True,0.086
CHI,2023-06,0.76,6.9,15,0.82,0,0,True,0.062
CLE,2023-06,0.605,11.3,16,0.713,0,0,True,0.045
DAL,2023-06,0.837,2.9,15,0.86,0,1,True,0.066
DEN,2023-06,0.863,17.7,6,0.966,0,6,True,0.025
DET,2023-06,0.0,-11.8,0,0.592,0,0,True,0.07
GSW,2023-06,0.845,10.7,8,0.899,0,0,True,0.043
HOU,2023-06,0.763,3.9,13,0.845,0,0,True,0.09
IND,2023-06,0.768,0.4,11,0.86,0,0,True,0.078
LAC,2023-06,0.797,5.8,7,0.876,0,2,True,0.065
LAL,2023-06,0.948,5.1,4,0.88,0,0,True,0.058
MEM,2023-06,0.0,-15.4,0,0.437,0,0,True,0.042
MIA,2023-06,0.71,2.3,8,1.0,0,1,True,0.061
MIL,2023-06,0.905,9.8,4,1.0,0,0,True,0.066
MIN,2023-06,0.0,-10.3,0,0.658,0,0,True,0.013
NOP,2023-06,0.0,-15.0,0,0.568,0,0,True,0.046
NYK,2023-06,0.0,-8.4,0,0.515,0,0,True,0.053
OKC,2023-06,0.0,-15.0,0,0.568,0,0,True,0.04
ORL,2023-06,0.0,-8.1,0,0.553,0,0,True,0.059
PHI,2023-06,0.686,5.8,10,0.854,0,0,True,0.021
PHX,2023-06,0.0,-16.7,0,0.448,0,0,True,0.013
POR,2023-06,0.0,-16.5,0,0.71,0,0,True,0.046
SAC,2023-06,0.0,-14.3,0,0.544,0,0,True,0.065
SAS,2023-06,0.708,3.1,12,0.84,0,1,True,0.061
TOR,2023-06,0.739,6.3,8,0.874,0,0,True,0.043
UTA,2023-06,0.0,-7.9,0,0.612,0,0,True,0.066
WAS,2023-06,0.508,9.2,9,0.731,0,0,True,0.028
ATL,2023-07,0.597,0.6,0,0.776,0,0,False,0.077
BOS,2023-07,0.768,5.7,0,0.88,0,0,False,0.076
BRK,2023-07,0.609,3.1,0,0.847,0,0,False,0.096
CHA,2023-07,0.116,-12.1,0,0.537,0,0,False,0.086
CHI,2023-07,0.528,3.1,0,1.0,0,0,False,0.062
CLE,2023-07,0.511,3.8,0,0.969,0,0,False,0.045
DAL,2023-07,0.557,4.5,0,0.972,0,0,False,0.066
DEN,2023-07,0.699,0.8,0,0.722,0,0,False,0.025
DET,2023-07,0.148,-6.1,0,0.579,0,0,False,0.07
GSW,2023-07,0.708,2.4,0,0.921,0,0,False,0.043
HOU,2023-07,0.796,5.2,0,0.892,0,0,False,0.09
IND,2023-07,0.512,1.4,0,0.735,0,0,False,0.078
LAC,2023-07,0.594,-0.3,0,0.774,0,0,False,0.065
LAL,2023-07,0.881,12.2,0,1.0,0,0,False,0.058
MEM,2023-07,0.317,-9.4,0,0.785,0,0,False,0.042
MIA,2023-07,0.769,11.0,0,0.95,0,0,False,0.061
MIL,2023-07,0.86,6.4,0,0.855,0,0,False,0.066
MIN,2023-07,0.318,-5.2,0,0.805,0,0,False,0.013
NOP,2023-07,0.389,-1.7,0,0.787,0,0,False,0.046
NYK,2023-07,0.329,-4.2,0,0.685,0,0,False,0.053
OKC,2023-07,0.354,-4.9,0,0.722,0,0,False,0.04
ORL,2023-07,0.485,1.8,0,0.755,0,0,False,0.059
PHI,2023-07,0.711,1.5,0,0.954,0,0,False,0.021
PHX,2023-07,0.451,-0.9,0,0.829,0,0,False,0.013
POR,2023-07,0.465,2.8,0,0.879,0,0,False,0.046
SAC,2023-07,0.531,3.5,0,0.797,0,0,False,0.065
SAS,2023-07,0.721,8.1,0,0.93,0,0,False,0.061
TOR,2023-07,0.794,9.0,0,0.906,0,0,False,0.043
UTA,2023-07,0.302,-4.4,0,0.524,0,0,False,0.066
WAS,2023-07,0.594,-3.0,0,0.77,0,0,False,0.028
ATL,2023-08,0.539,-2.9,0,0.942,0,0,False,0.077
BOS,2023-08,0.829,6.5,0,0.894,0,0,False,0.076
BRK,2023-08,0.527,2.5,0,0.769,0,0,False,0.096
CHA,2023-08,0.36,-5.9,0,0.58,0,0,False,0.086
CHI,2023-08,0.463,-5.1,0,0.84,0,0,False,0.062
CLE,2023-08,0.688,4.0,0,1.0,0,0,False,0.045
DAL,2023-08,0.636,1.5,0,0.895,0,0,False,0.066
DEN,2023-08,0.637,6.3,0,0.748,0,0,False,0.025
DET,2023-08,0.457,0.1,0,0.831,0,0,False,0.07
GSW,2023-08,0.754,4.9,0,0.859,0,0,False,0.043
HOU,2023-08,0.852,6.6,0,0.869,0,0,False,0.09
IND,2023-08,0.729,3.1,0,0.795,0,0,False,0.078
LAC,2023-08,0.561,2.3,0,0.708,0,0,False,0.065
LAL,2023-08,0.875,10.0,0,1.0,0,0,False,0.058
MEM,2023-08,0.266,-4.9,0,0.574,0,0,False,0.042
MIA,2023-08,0.873,8.1,0,1.0,0,0,False,0.061
MIL,2023-08,0.781,8.0,0,0.806,0,0,False,0.066
MIN,2023-08,0.28,-3.9,0,0.505,0,0,False,0.013
NOP,2023-08,0.47,-1.0,0,0.605,0,0,False,0.046
NYK,2023-08,0.332,-11.3,0,0.661,0,0,False,0.053
OKC,2023-08,0.518,3.7,0,0.515,0,0,False,0.04
ORL,2023-08,0.409,1.1,0,0.586,0,0,False,0.059
PHI,2023-08,0.851,8.1,0,0.944,0,0,False,0.021
PHX,2023-08,0.598,0.6,0,0.838,0,0,False,0.013
POR,2023-08,0.478,0.3,0,0.714,0,0,False,0.046
SAC,2023-08,0.327,-6.1,0,0.664,0,0,False,0.065
SAS,2023-08,0.648,1.6,0,0.853,0,0,False,0.061
TOR,2023-08,0.595,1.0,0,0.782,0,0,False,0.043
UTA,2023-08,0.26,-8.0,0,0.586,0,0,False,0.066
WAS,2023-08,0.519,-0.6,0,0.734,0,0,False,0.028
ATL,2023-09,0.532,4.4,0,0.969,0,0,False,0.077
BOS,2023-09,0.616,4.6,0,0.837,0,0,False,0.076
BRK,2023-09,0.517,4.6,0,0.726,0,0,False,0.096
CHA,2023-09,0.288,-9.4,0,0.707,0,0,False,0.086
CHI,2023-09,0.72,8.7,0,0.822,0,0,False,0.062
CLE,2023-09,0.526,-0.4,0,0.699,0,0,False,0.045
DAL,2023-09,0.483,-3.7,0,0.7,0,0,False,0.066
DEN,2023-09,0.694,3.3,0,0.864,0,0,False,0.025
DET,2023-09,0.439,2.2,0,0.648,0,0,False,0.07
GSW,2023-09,0.828,2.9,0,0.853,0,0,False,0.043
HOU,2023-09,0.906,11.1,0,0.996,0,0,False,0.09
IND,2023-09,0.713,7.6,0,0.775,0,0,False,0.078
LAC,2023-09,0.633,4.0,0,0.709,0,0,False,0.065
LAL,2023-09,0.876,4.4,0,0.775,0,0,False,0.058
MEM,2023-09,0.267,-7.1,0,0.8,0,0,False,0.042
MIA,2023-09,0.684,3.5,0,0.944,0,0,False,0.061
MIL,2023-09,0.768,4.7,0,0.938,0,0,False,0.066
MIN,2023-09,0.457,4.5,0,0.605,0,0,False,0.013
NOP,2023-09,0.386,-8.2,0,0.768,0,0,False,0.046
NYK,2023-09,0.414,-4.8,0,0.853,0,0,False,0.053
OKC,2023-09,0.541,1.0,0,0.833,0,0,False,0.04
ORL,2023-09,0.472,-2.1,0,0.714,0,0,False,0.059
PHI,2023-09,0.595,6.9,0,0.784,0,0,False,0.021
PHX,2023-09,0.578,4.2,0,0.752,0,0,False,0.013
POR,2023-09,0.458,-5.6,0,0.792,0,0,False,0.046
SAC,2023-09,0.306,-5.4,0,0.646,0,0,False,0.065
SAS,2023-09,0.622,0.1,0,0.934,0,0,False,0.061
TOR,2023-09,0.849,5.1,0,0.916,0,0,False,0.043
UTA,2023-09,0.256,-7.2,0,0.675,0,0,False,0.066
WAS,2023-09,0.68,2.9,0,0.929,0,0,False,0.028
ATL,2023-10,0.461,2.6,10,0.848,1,0,False,0.077
BOS,2023-10,0.729,3.4,12,0.804,2,0,False,0.076
BRK,2023-10,0.545,-2.2,15,0.723,2,0,False,0.096
CHA,2023-10,0.331,-1.0,10,0.651,2,0,False,0.086
CHI,2023-10,0.632,5.6,13,0.896,5,0,False,0.062
CLE,2023-10,0.413,1.5,13,0.703,0,1,False,0.045
DAL,2023-10,0.651,3.6,10,0.831,0,1,False,0.066
DEN,2023-10,0.661,-5.5,12,0.871,0,2,False,0.025
DET,2023-10,0.38,-2.8,14,0.948,2,0,False,0.07
GSW,2023-10,0.784,11.9,10,0.697,1,0,False,0.043
HOU,2023-10,0.717,4.0,13,0.97,1,0,False,0.09
IND,2023-10,0.671,6.1,15,0.842,2,0,False,0.078
LAC,2023-10,0.528,-4.5,15,0.854,3,1,False,0.065
LAL,2023-10,0.94,13.1,11,1.0,2,0,False,0.058
MEM,2023-10,0.14,-10.0,11,0.464,2,2,False,0.042
MIA,2023-10,0.856,7.8,11,0.912,1,1,False,0.061
MIL,2023-10,0.713,5.8,14,0.842,3,0,False,0.066
MIN,2023-10,0.308,-5.7,15,0.671,4,0,False,0.013
NOP,2023-10,0.53,-5.5,15,0.723,1,0,False,0.046
NYK,2023-10,0.367,-4.2,13,0.563,0,1,False,0.053
OKC,2023-10,0.503,-6.2,13,0.574,1,0,False,0.04
ORL,2023-10,0.439,0.7,14,0.661,5,1,False,0.059
PHI,2023-10,0.765,2.5,11,0.784,4,1,False,0.021
PHX,2023-10,0.411,-4.1,12,0.724,1,0,False,0.013
POR,2023-10,0.561,7.7,15,0.762,0,0,False,0.046
SAC,2023-10,0.487,-5.8,14,0.674,3,0,False,0.065
SAS,2023-10,0.723,5.0,15,0.992,2,1,False,0.061
TOR,2023-10,0.545,4.8,12,0.896,3,0,False,0.043
UTA,2023-10,0.229,-4.1,12,0.458,0,0,False,0.066
WAS,2023-10,0.74,6.6,15,0.832,1,0,False,0.028
ATL,2023-11,0.518,-4.6,13,0.915,0,1,False,0.077
BOS,2023-11,0.657,3.6,15,0.761,1,1,False,0.076
BRK,2023-11,0.571,0.7,15,0.893,3,1,False,0.096
CHA,2023-11,0.272,-5.5,13,0.722,0,0,False,0.086
CHI,2023-11,0.619,4.7,10,0.748,1,0,False,0.062
CLE,2023-11,0.489,5.9,11,0.715,1,3,False,0.045
DAL,2023-11,0.685,3.4,15,0.756,2,2,False,0.066
DEN,2023-11,0.636,0.2,15,0.84,1,2,False,0.025
DET,2023-11,0.449,-1.6,13,0.711,2,0,False,0.07
GSW,2023-11,0.743,4.7,13,0.768,4,0,False,0.043
HOU,2023-11,0.698,8.1,12,0.883,2,0,False,0.09
IND,2023-11,0.544,3.5,12,0.852,1,0,False,0.078
LAC,2023-11,0.403,-2.4,15,0.776,2,5,False,0.065
LAL,2023-11,0.748,0.0,14,0.931,2,0,False,0.058
MEM,2023-11,0.192,-4.8,13,0.592,3,4,False,0.042
MIA,2023-11,0.801,0.5,13,0.784,2,2,False,0.061
MIL,2023-11,0.717,6.8,10,0.64,0,0,False,0.066
MIN,2023-11,0.336,-5.8,13,0.735,2,0,False,0.013
NOP,2023-11,0.397,-6.6,15,0.753,6,0,False,0.046
NYK,2023-11,0.461,-3.5,10,0.636,2,1,False,0.053
OKC,2023-11,0.473,-2.7,14,0.687,2,0,False,0.04
ORL,2023-11,0.383,0.6,15,0.562,2,1,False,0.059
PHI,2023-11,0.716,7.9,11,0.975,1,1,False,0.021
PHX,2023-11,0.482,-2.4,12,0.891,2,0,False,0.013
POR,2023-11,0.303,-2.1,12,0.812,1,0,False,0.046
SAC,2023-11,0.337,-0.2,10,0.683,3,0,False,0.065
SAS,2023-11,0.782,1.2,13,0.881,2,1,False,0.061
TOR,2023-11,0.725,7.4,10,0.896,4,0,False,0.043
UTA,2023-11,0.307,-3.4,15,0.43,2,0,False,0.066
WAS,2023-11,0.594,-0.2,12,0.871,3,0,False,0.028
ATL,2023-12,0.475,0.2,11,1.0,2,2,False,0.077
BOS,2023-12,0.689,0.1,14,0.946,1,0,False,0.076
BRK,2023-12,0.434,-5.3,11,0.686,4,1,False,0.096
CHA,2023-12,0.249,-1.4,14,0.692,0,0,False,0.086
CHI,2023-12,0.66,1.9,10,0.824,3,0,False,0.062
CLE,2023-12,0.646,3.1,14,0.901,0,0,False,0.045
DAL,2023-12,0.505,4.6,10,0.868,4,0,False,0.066
DEN,2023-12,0.726,5.3,13,0.758,3,0,False,0.025
DET,2023-12,0.305,-6.6,14,0.622,2,0,False,0.07
GSW,2023-12,0.699,12.6,13,0.903,0,0,False,0.043
HOU,2023-12,0.813,5.4,10,0.976,2,0,False,0.09
IND,2023-12,0.771,0.5,10,0.801,1,0,False,0.078
LAC,2023-12,0.663,4.8,12,0.862,2,3,False,0.065
LAL,2023-12,0.747,5.2,13,0.87,1,0,False,0.058
MEM,2023-12,0.368,-5.5,15,0.55,2,1,False,0.042
MIA,2023-12,0.717,1.9,14,0.903,1,0,False,0.061
MIL,2023-12,0.928,11.2,10,0.925,0,0,False,0.066
MIN,2023-12,0.281,-8.7,11,0.632,1,0,False,0.013
NOP,2023-12,0.415,-3.9,11,0.607,0,0,False,0.046
NYK,2023-12,0.46,-6.3,13,0.901,0,1,False,0.053
OKC,2023-12,0.535,-3.2,12,0.894,0,0,False,0.04
ORL,2023-12,0.43,0.7,13,0.66,1,2,False,0.059
PHI,2023-12,0.752,3.1,12,0.874,2,0,False,0.021
PHX,2023-12,0.421,1.1,10,0.783,3,0,False,0.013
POR,2023-12,0.567,-0.8,11,0.536,3,0,False,0.046
SAC,2023-12,0.479,-3.9,11,0.795,0,0,False,0.065
SAS,2023-12,0.625,7.2,14,0.887,2,0,False,0.061
TOR,2023-12,0.809,7.5,10,0.849,5,2,False,0.043
UTA,2023-12,0.201,-8.4,11,0.634,3,0,False,0.066
WAS,2023-12,0.485,7.0,14,0.721,5,0,False,0.028
ATL,2024-01,0.401,3.6,15,0.687,0,4,False,0.077
BOS,2024-01,0.696,3.7,13,0.879,1,0,False,0.076
BRK,2024-01,0.624,-0.0,14,0.983,1,2,False,0.096
CHA,2024-01,0.324,-1.2,11,0.788,2,0,False,0.086
CHI,2024-01,0.538,-5.5,13,0.868,0,0,False,0.062
CLE,2024-01,0.463,0.9,15,0.778,2,1,False,0.045
DAL,2024-01,0.736,9.9,12,1.0,2,3,False,0.066
DEN,2024-01,0.68,1.0,11,0.831,1,2,False,0.025
DET,2024-01,0.169,-10.4,10,0.529,2,0,False,0.07
GSW,2024-01,0.666,1.5,15,0.741,0,0,False,0.043
HOU,2024-01,0.784,7.1,11,0.846,3,0,False,0.09
IND,2024-01,0.627,5.8,10,0.692,2,0,False,0.078
LAC,2024-01,0.72,9.4,12,0.84,4,2,False,0.065
LAL,2024-01,0.787,7.9,15,0.886,1,0,False,0.058
MEM,2024-01,0.242,0.4,13,0.533,2,0,False,0.042
MIA,2024-01,0.809,8.3,15,1.0,1,3,False,0.061
MIL,2024-01,1.0,13.8,11,1.0,2,0,False,0.066
MIN,2024-01,0.304,-6.0,10,0.637,5,0,False,0.013
NOP,2024-01,0.521,2.7,15,0.739,2,0,False,0.046
NYK,2024-01,0.338,-5.8,15,0.772,4,4,False,0.053
OKC,2024-01,0.311,-3.1,15,0.657,1,0,False,0.04
ORL,2024-01,0.387,-4.8,13,0.576,0,1,False,0.059
PHI,2024-01,0.772,6.7,10,0.927,1,4,False,0.021
PHX,2024-01,0.503,2.5,10,0.73,0,0,False,0.013
POR,2024-01,0.363,-4.6,14,0.855,2,0,False,0.046
SAC,2024-01,0.378,-6.0,12,0.83,1,0,False,0.065
SAS,2024-01,0.846,9.7,14,1.0,2,3,False,0.061
TOR,2024-01,0.556,-1.7,12,0.644,1,0,False,0.043
UTA,2024-01,0.131,-10.0,12,0.368,1,0,False,0.066
WAS,2024-01,0.594,0.6,14,0.934,2,0,False,0.028
ATL,2024-02,0.46,0.7,12,0.862,3,0,False,0.077
BOS,2024-02,0.623,-0.5,15,0.925,2,1,False,0.076
BRK,2024-02,0.397,1.9,14,0.566,1,1,False,0.096
CHA,2024-02,0.198,-6.6,15,0.639,2,0,False,0.086
CHI,2024-02,0.531,-3.5,14,0.761,3,0,False,0.062
CLE,2024-02,0.425,-1.0,13,0.586,5,2,False,0.045
DAL,2024-02,0.694,1.4,12,0.868,1,4,False,0.066
DEN,2024-02,0.683,3.2,10,0.905,3,1,False,0.025
DET,2024-02,0.253,-7.2,15,0.627,1,0,False,0.07
GSW,2024-02,0.765,11.2,12,1.0,2,0,False,0.043
HOU,2024-02,0.776,5.8,10,0.893,1,0,False,0.09
IND,2024-02,0.608,2.9,15,0.932,0,0,False,0.078
LAC,2024-02,0.565,7.0,12,0.839,0,1,False,0.065
LAL,2024-02,0.78,6.3,15,0.956,0,0,False,0.058
MEM,2024-02,0.18,-6.6,13,0.623,1,1,False,0.042
MIA,2024-02,0.682,1.0,11,0.691,3,1,False,0.061
MIL,2024-02,0.856,8.8,15,0.804,2,0,False,0.066
MIN,2024-02,0.433,-1.4,12,0.663,1,0,False,0.013
NOP,2024-02,0.33,-8.4,11,0.567,2,0,False,0.046
NYK,2024-02,0.443,-0.0,15,0.792,1,3,False,0.053
OKC,2024-02,0.463,0.5,12,0.504,2,0,False,0.04
ORL,2024-02,0.343,0.0,14,0.74,1,3,False,0.059
PHI,2024-02,0.753,5.7,14,0.911,4,2,False,0.021
PHX,2024-02,0.47,3.7,11,0.898,4,0,False,0.013
POR,2024-02,0.453,-3.1,12,0.589,1,0,False,0.046
SAC,2024-02,0.428,-5.2,11,0.779,1,0,False,0.065
SAS,2024-02,0.676,4.9,15,0.865,2,1,False,0.061
TOR,2024-02,0.703,7.6,13,0.709,3,2,False,0.043
UTA,2024-02,0.226,-7.9,12,0.305,1,0,False,0.066
WAS,2024-02,0.572,-2.0,11,0.859,2,0,False,0.028
ATL,2024-03,0.569,3.4,10,0.827,0,1,False,0.077
BOS,2024-03,0.751,5.0,10,0.947,0,2,False,0.076
BRK,2024-03,0.448,-4.8,13,0.741,0,1,False,0.096
CHA,2024-03,0.309,-4.8,13,0.675,0,0,False,0.086
CHI,2024-03,0.63,1.3,10,0.912,3,0,False,0.062
CLE,2024-03,0.568,-0.3,11,0.881,0,1,False,0.045
DAL,2024-03,0.743,4.2,14,0.886,2,0,False,0.066
DEN,2024-03,0.678,3.4,15,0.681,1,0,False,0.025
DET,2024-03,0.299,-4.5,12,0.838,2,0,False,0.07
GSW,2024-03,0.565,2.4,14,0.682,1,0,False,0.043
HOU,2024-03,0.944,9.4,12,1.0,1,0,False,0.09
IND,2024-03,0.71,4.3,15,0.995,4,0,False,0.078
LAC,2024-03,0.691,2.2,13,0.766,3,4,False,0.065
LAL,2024-03,0.702,0.0,11,0.914,3,0,False,0.058
MEM,2024-03,0.234,-9.1,12,0.649,2,1,False,0.042
MIA,2024-03,0.774,4.2,14,0.948,2,1,False,0.061
MIL,2024-03,0.891,5.9,11,1.0,0,0,False,0.066
MIN,2024-03,0.35,-6.6,15,0.457,3,0,False,0.013
NOP,2024-03,0.498,-2.8,11,0.73,1,0,False,0.046
NYK,2024-03,0.268,-3.2,12,0.693,1,3,False,0.053
OKC,2024-03,0.569,5.0,14,0.753,1,0,False,0.04
ORL,2024-03,0.457,-1.1,11,0.816,2,0,False,0.059
PHI,2024-03,0.487,0.7,10,0.828,2,1,False,0.021
PHX,2024-03,0.345,-3.6,14,0.652,3,0,False,0.013
POR,2024-03,0.374,-5.7,15,0.826,1,0,False,0.046
SAC,2024-03,0.417,-2.7,11,0.656,1,0,False,0.065
SAS,2024-03,0.872,11.3,13,0.925,3,0,False,0.061
TOR,2024-03,0.74,7.4,15,0.967,2,0,False,0.043
UTA,2024-03,0.178,-8.4,10,0.487,1,0,False,0.066
WAS,2024-03,0.771,10.9,12,0.996,4,0,False,0.028
ATL,2024-04,0.0,-13.3,0,0.722,0,0,True,0.077
BOS,2024-04,0.77,9.6,7,0.908,0,0,True,0.076
BRK,2024-04,0.551,-1.5,6,0.944,0,0,True,0.096
CHA,2024-04,0.0,-9.8,0,0.59,0,0,True,0.086
CHI,2024-04,0.657,1.8,5,0.795,0,0,True,0.062
CLE,2024-04,0.646,2.6,8,0.956,0,4,True,0.045
DAL,2024-04,0.762,8.2,14,0.947,0,0,True,0.066
DEN,2024-04,0.768,3.2,10,0.884,0,0,True,0.025
DET,2024-04,0.0,-12.9,0,0.382,0,0,True,0.07
GSW,2024-04,0.95,10.8,15,1.0,0,0,True,0.043
HOU,2024-04,0.806,6.9,11,0.945,0,0,True,0.09
IND,2024-04,0.685,3.2,5,0.813,0,0,True,0.078
LAC,2024-04,0.381,-3.3,10,0.785,0,1,True,0.065
LAL,2024-04,0.846,7.4,12,1.0,0,0,True,0.058
MEM,2024-04,0.0,-12.5,0,0.584,0,0,True,0.042
MIA,2024-04,0.95,12.9,5,1.0,0,1,True,0.061
MIL,2024-04,0.926,9.8,7,0.802,0,0,True,0.066
MIN,2024-04,0.0,-8.1,0,0.44,0,0,True,0.013
NOP,2024-04,0.0,-10.4,0,0.329,0,0,True,0.046
NYK,2024-04,0.0,-12.4,0,0.592,0,0,True,0.053
OKC,2024-04,0.0,-9.7,0,0.407,0,0,True,0.04
ORL,2024-04,0.0,-15.3,0,0.463,0,0,True,0.059
PHI,2024-04,0.881,5.1,11,0.902,0,4,True,0.021
PHX,2024-04,0.0,-11.9,0,0.434,0,0,True,0.013
POR,2024-04,0.0,-9.9,0,0.682,0,0,True,0.046
SAC,2024-04,0.0,-10.4,0,0.507,0,0,True,0.065
SAS,2024-04,0.712,6.9,8,0.816,0,2,True,0.061
TOR,2024-04,0.743,10.4,10,0.987,0,0,True,0.043
UTA,2024-04,0.0,-14.2,0,0.469,0,0,True,0.066
WAS,2024-04,0.737,10.1,7,0.815,0,0,True,0.028
ATL,2024-05,0.0,-14.3,0,0.564,0,0,True,0.077
BOS,2024-05,0.692,0.7,8,1.0,0,1,True,0.076
BRK,2024-05,0.513,8.0,7,0.881,0,1,True,0.096
CHA,2024-05,0.0,-7.8,0,0.515,0,0,True,0.086
CHI,2024-05,0.741,3.8,6,0.94,0,0,True,0.062
CLE,2024-05,0.493,2.0,5,0.692,0,1,True,0.045
DAL,2024-05,0.63,6.6,6,0.795,0,0,True,0.066
DEN,2024-05,0.829,2.3,12,0.952,0,1,True,0.025
DET,2024-05,0.0,-10.7,0,0.628,0,0,True,0.07
GSW,2024-05,0.831,10.3,14,0.908,0,0,True,0.043
HOU,2024-05,0.848,12.0,9,0.892,0,0,True,0.09
IND,2024-05,0.695,4.0,7,1.0,0,0,True,0.078
LAC,2024-05,0.66,12.2,11,0.787,0,2,True,0.065
LAL,2024-05,0.95,8.9,7,0.997,0,0,True,0.058
MEM,2024-05,0.0,-13.1,0,0.537,0,0,True,0.042
MIA,2024-05,0.95,6.1,5,0.9,0,0,True,0.061
MIL,2024-05,0.95,13.8,4,0.901,0,0,True,0.066
MIN,2024-05,0.0,-15.1,0,0.837,0,0,True,0.013
NOP,2024-05,0.0,-8.6,0,0.3,0,0,True,0.046
NYK,2024-05,0.0,-13.8,0,0.45,0,0,True,0.053
OKC,2024-05,0.0,-5.7,0,0.722,0,0,True,0.04
ORL,2024-05,0.0,-12.8,0,0.403,0,0,True,0.059
PHI,2024-05,0.95,16.1,9,0.807,0,1,True,0.021
PHX,2024-05,0.0,-20.6,0,0.623,0,0,True,0.013
POR,2024-05,0.0,-14.9,0,0.52,0,0,True,0.046
SAC,2024-05,0.0,-9.7,0,0.334,0,0,True,0.065
SAS,2024-05,0.854,10.7,16,0.87,0,3,True,0.061
TOR,2024-05,0.824,9.4,7,0.87,0,0,True,0.043
UTA,2024-05,0.0,-12.9,0,0.683,0,0,True,0.066
WAS,2024-05,0.656,3.4,7,0.804,0,0,True,0.028
ATL,2024-06,0.0,-6.2,0,0.715,0,0,True,0.077
BOS,2024-06,0.801,5.0,5,0.856,0,2,True,0.076
BRK,2024-06,0.705,4.9,9,0.932,0,1,True,0.096
CHA,2024-06,0.0,-15.2,0,0.662,0,0,True,0.086
CHI,2024-06,0.72,0.9,11,0.889,0,0,True,0.062
CLE,2024-06,0.684,5.3,5,0.817,0,3,True,0.045
DAL,2024-06,0.95,11.3,12,0.984,0,1,True,0.066
DEN,2024-06,0.663,2.8,9,0.82,0,1,True,0.025
DET,2024-06,0.0,-11.0,0,0.555,0,0,True,0.07
GSW,2024-06,0.762,11.3,8,0.735,0,0,True,0.043
HOU,2024-06,0.759,2.8,14,1.0,0,0,True,0.09
IND,2024-06,0.584,-3.2,6,0.67,0,0,True,0.078
LAC,2024-06,0.847,6.2,15,0.986,0,1,True,0.065
LAL,2024-06,0.946,17.5,9,0.982,0,0,True,0.058
MEM,2024-06,0.0,-16.0,0,0.572,0,0,True,0.042
MIA,2024-06,0.843,6.5,13,1.0,0,0,True,0.061
MIL,2024-06,0.95,9.3,7,0.688,0,0,True,0.066
MIN,2024-06,0.0,-14.0,0,0.514,0,0,True,0.013
NOP,2024-06,0.0,-9.4,0,0.453,0,0,True,0.046
NYK,2024-06,0.0,-13.0,0,0.401,0,0,True,0.053
OKC,2024-06,0.0,-16.0,0,0.511,0,0,True,0.04
ORL,2024-06,0.0,-13.6,0,0.431,0,0,True,0.059
PHI,2024-06,0.807,5.1,15,0.732,0,0,True,0.021
PHX,2024-06,0.0,-18.1,0,0.523,0,0,True,0.013
POR,2024-06,0.0,-12.7,0,0.679,0,0,True,0.046
SAC,2024-06,0.0,-14.1,0,0.578,0,0,True,0.065
SAS,2024-06,0.806,8.9,4,0.937,0,1,True,0.061
TOR,2024-06,0.836,6.0,15,0.849,0,2,True,0.043
UTA,2024-06,0.0,-9.9,0,0.357,0,0,True,0.066
WAS,2024-06,0.68,7.8,16,1.0,0,0,True,0.028
ATL,2024-07,0.621,7.6,0,0.844,0,0,False,0.077
BOS,2024-07,0.847,6.8,0,0.894,0,0,False,0.076
BRK,2024-07,0.531,-0.3,0,0.695,0,0,False,0.096
CHA,2024-07,0.221,-6.9,0,0.788,0,0,False,0.086
CHI,2024-07,0.575,1.8,0,0.863,0,0,False,0.062
CLE,2024-07,0.567,3.4,0,0.785,0,0,False,0.045
DAL,2024-07,0.635,0.7,0,0.978,0,0,False,0.066
DEN,2024-07,0.544,-1.2,0,0.771,0,0,False,0.025
DET,2024-07,0.389,-4.2,0,0.527,0,0,False,0.07
GSW,2024-07,0.774,7.2,0,0.711,0,0,False,0.043
HOU,2024-07,0.688,4.3,0,0.974,0,0,False,0.09
IND,2024-07,0.485,-1.7,0,0.83,0,0,False,0.078
LAC,2024-07,0.531,-2.4,0,0.991,0,0,False,0.065
LAL,2024-07,0.68,3.9,0,0.891,0,0,False,0.058
MEM,2024-07,0.362,-1.2,0,0.714,0,0,False,0.042
MIA,2024-07,0.816,8.9,0,1.0,0,0,False,0.061
MIL,2024-07,0.993,10.9,0,0.779,0,0,False,0.066
MIN,2024-07,0.407,-3.2,0,0.761,0,0,False,0.013
NOP,2024-07,0.628,-2.2,0,0.739,0,0,False,0.046
NYK,2024-07,0.372,-5.0,0,0.733,0,0,False,0.053
OKC,2024-07,0.601,7.9,0,0.648,0,0,False,0.04
ORL,2024-07,0.453,-2.0,0,0.736,0,0,False,0.059
PHI,2024-07,0.885,7.6,0,1.0,0,0,False,0.021
PHX,2024-07,0.453,0.2,0,0.711,0,0,False,0.013
POR,2024-07,0.391,-1.8,0,0.763,0,0,False,0.046
SAC,2024-07,0.349,-4.3,0,0.621,0,0,False,0.065
SAS,2024-07,0.745,3.7,0,0.867,0,0,False,0.061
TOR,2024-07,0.692,3.8,0,0.949,0,0,False,0.043
UTA,2024-07,0.34,-6.8,0,0.695,0,0,False,0.066
WAS,2024-07,0.614,1.4,0,0.76,0,0,False,0.028
ATL,2024-08,0.56,-1.4,0,0.865,0,0,False,0.077
BOS,2024-08,0.819,8.7,0,0.911,0,0,False,0.076
BRK,2024-08,0.499,1.6,0,0.9,0,0,False,0.096
CHA,2024-08,0.295,-6.0,0,0.752,0,0,False,0.086
CHI,2024-08,0.63,4.0,0,0.927,0,0,False,0.062
CLE,2024-08,0.654,1.4,0,0.933,0,0,False,0.045
DAL,2024-08,0.635,3.9,0,0.739,0,0,False,0.066
DEN,2024-08,0.813,7.2,0,0.817,0,0,False,0.025
DET,2024-08,0.336,-0.9,0,0.687,0,0,False,0.07
GSW,2024-08,0.787,4.8,0,0.809,0,0,False,0.043
HOU,2024-08,0.716,4.2,0,0.953,0,0,False,0.09
IND,2024-08,0.588,2.9,0,0.747,0,0,False,0.078
LAC,2024-08,0.591,-2.7,0,0.874,0,0,False,0.065
LAL,2024-08,0.77,7.4,0,0.958,0,0,False,0.058
MEM,2024-08,0.275,-6.4,0,0.492,0,0,False,0.042
MIA,2024-08,0.898,12.5,0,1.0,0,0,False,0.061
MIL,2024-08,0.902,8.9,0,0.88,0,0,False,0.066
MIN,2024-08,0.307,-7.7,0,0.657,0,0,False,0.013
NOP,2024-08,0.484,-4.6,0,0.668,0,0,False,0.046
NYK,2024-08,0.265,-6.0,0,0.793,0,0,False,0.053
OKC,2024-08,0.349,-2.5,0,0.673,0,0,False,0.04
ORL,2024-08,0.512,4.9,0,0.928,0,0,False,0.059
PHI,2024-08,0.735,7.4,0,0.921,0,0,False,0.021
PHX,2024-08,0.472,-0.4,0,0.896,0,0,False,0.013
POR,2024-08,0.681,2.9,0,0.837,0,0,False,0.046
SAC,2024-08,0.348,-3.0,0,0.625,0,0,False,0.065
SAS,2024-08,0.748,7.5,0,1.0,0,0,False,0.061
TOR,2024-08,0.696,5.9,0,1.0,0,0,False,0.043
UTA,2024-08,0.177,-9.3,0,0.512,0,0,False,0.066
WAS,2024-08,0.6,-1.1,0,0.804,0,0,False,0.028
ATL,2024-09,0.53,1.6,0,0.707,0,0,False,0.077
BOS,2024-09,0.82,10.7,0,0.934,0,0,False,0.076
BRK,2024-09,0.478,-0.5,0,0.767,0,0,False,0.096
CHA,2024-09,0.274,-3.6,0,0.523,0,0,False,0.086
CHI,2024-09,0.536,-4.6,0,0.711,0,0,False,0.062
CLE,2024-09,0.571,-0.7,0,0.705,0,0,False,0.045
DAL,2024-09,0.739,8.8,0,0.888,0,0,False,0.066
DEN,2024-09,0.687,0.3,0,0.788,0,0,False,0.025
DET,2024-09,0.302,-6.0,0,0.71,0,0,False,0.07
GSW,2024-09,0.744,5.9,0,0.993,0,0,False,0.043
HOU,2024-09,0.893,3.8,0,1.0,0,0,False,0.09
IND,2024-09,0.687,4.0,0,0.821,0,0,False,0.078
LAC,2024-09,0.559,2.9,0,0.77,0,0,False,0.065
LAL,2024-09,0.749,8.8,0,1.0,0,0,False,0.058
MEM,2024-09,0.384,-1.6,0,0.66,0,0,False,0.042
MIA,2024-09,0.701,6.0,0,0.902,0,0,False,0.061
MIL,2024-09,0.839,7.2,0,0.824,0,0,False,0.066
MIN,2024-09,0.334,-3.4,0,0.626,0,0,False,0.013
NOP,2024-09,0.454,-2.3,0,0.62,0,0,False,0.046
NYK,2024-09,0.449,-3.1,0,0.639,0,0,False,0.053
OKC,2024-09,0.35,-5.6,0,0.651,0,0,False,0.04
ORL,2024-09,0.413,-5.9,0,0.804,0,0,False,0.059
PHI,2024-09,0.723,4.5,0,0.949,0,0,False,0.021
PHX,2024-09,0.401,-7.8,0,0.696,0,0,False,0.013
POR,2024-09,0.391,-4.9,0,0.641,0,0,False,0.046
SAC,2024-09,0.384,0.2,0,0.661,0,0,False,0.065
SAS,2024-09,0.737,1.9,0,0.992,0,0,False,0.061
TOR,2024-09,0.714,3.7,0,0.842,0,0,False,0.043
UTA,2024-09,0.144,-11.2,0,0.62,0,0,False,0.066
WAS,2024-09,0.55,1.2,0,0.706,0,0,False,0.028
ATL,2024-10,0.55,0.9,13,0.881,0,2,False,0.077
BOS,2024-10,0.698,-2.6,11,0.846,0,1,False,0.076
BRK,2024-10,0.502,0.2,13,0.849,1,0,False,0.096
CHA,2024-10,0.289,-11.4,13,0.711,3,0,False,0.086
CHI,2024-10,0.63,2.2,11,0.817,2,0,False,0.062
CLE,2024-10,0.512,0.0,15,0.788,3,0,False,0.045
DAL,2024-10,0.776,6.6,11,0.806,3,2,False,0.066
DEN,2024-10,0.71,1.0,12,0.782,2,0,False,0.025
DET,2024-10,0.458,-1.6,14,0.875,3,0,False,0.07
GSW,2024-10,0.712,3.2,11,0.822,1,0,False,0.043
HOU,2024-10,0.731,5.4,10,0.834,0,0,False,0.09
IND,2024-10,0.586,2.7,12,0.981,2,0,False,0.078
LAC,2024-10,0.544,0.4,12,0.831,0,1,False,0.065
LAL,2024-10,0.65,5.6,12,0.766,0,0,False,0.058
MEM,2024-10,0.445,-2.2,10,0.752,1,1,False,0.042
MIA,2024-10,0.836,3.0,10,0.814,3,2,False,0.061
MIL,2024-10,0.878,6.6,11,0.835,3,0,False,0.066
MIN,2024-10,0.464,-2.2,10,0.867,4,0,False,0.013
NOP,2024-10,0.515,0.6,11,0.716,2,0,False,0.046
NYK,2024-10,0.24,-6.2,14,0.705,1,4,False,0.053
OKC,2024-10,0.384,-5.1,15,0.682,1,0,False,0.04
ORL,2024-10,0.508,2.0,12,0.667,2,3,False,0.059
PHI,2024-10,0.637,4.0,10,0.823,1,1,False,0.021
PHX,2024-10,0.299,-3.2,12,1.0,2,0,False,0.013
POR,2024-10,0.423,2.0,14,0.74,5,0,False,0.046
SAC,2024-10,0.205,-3.8,10,0.796,5,0,False,0.065
SAS,2024-10,0.598,3.3,14,0.774,5,4,False,0.061
TOR,2024-10,0.595,3.4,12,0.837,0,1,False,0.043
UTA,2024-10,0.267,-5.8,14,0.731,4,0,False,0.066
WAS,2024-10,0.595,7.4,10,0.714,1,0,False,0.028
ATL,2024-11,0.454,-0.8,13,0.743,0,1,False,0.077
BOS,2024-11,0.728,11.4,11,0.906,5,0,False,0.076
BRK,2024-11,0.394,-2.9,14,0.759,5,0,False,0.096
CHA,2024-11,0.361,-2.2,11,0.72,4,0,False,0.086
CHI,2024-11,0.447,-2.3,14,0.938,2,0,False,0.062
CLE,2024-11,0.476,1.9,10,0.724,4,3,False,0.045
DAL,2024-11,0.658,2.6,11,0.77,4,3,False,0.066
DEN,2024-11,0.659,3.3,10,0.971,0,1,False,0.025
DET,2024-11,0.27,-1.9,13,0.682,1,0,False,0.07
GSW,2024-11,0.764,8.3,14,0.656,1,0,False,0.043
HOU,2024-11,0.789,8.2,12,0.929,1,0,False,0.09
IND,2024-11,0.663,4.1,14,0.866,4,0,False,0.078
LAC,2024-11,0.656,2.4,15,0.831,1,3,False,0.065
LAL,2024-11,0.698,7.8,15,0.89,4,0,False,0.058
MEM,2024-11,0.262,-8.7,15,0.621,2,2,False,0.042
MIA,2024-11,0.89,8.1,15,0.907,2,1,False,0.061
MIL,2024-11,0.742,11.3,11,0.781,2,0,False,0.066
MIN,2024-11,0.368,-1.2,10,0.735,4,0,False,0.013
NOP,2024-11,0.547,-3.3,15,0.796,3,0,False,0.046
NYK,2024-11,0.334,-3.3,10,0.807,4,0,False,0.053
OKC,2024-11,0.502,-3.1,11,0.789,1,0,False,0.04
ORL,2024-11,0.535,-4.9,10,0.805,1,0,False,0.059
PHI,2024-11,0.706,1.5,10,0.641,2,3,False,0.021
PHX,2024-11,0.434,-0.3,13,0.835,2,0,False,0.013
POR,2024-11,0.448,0.4,11,0.647,4,0,False,0.046
SAC,2024-11,0.479,4.2,10,0.732,2,0,False,0.065
SAS,2024-11,0.733,6.4,11,0.758,3,2,False,0.061
TOR,2024-11,0.613,2.6,13,0.948,4,2,False,0.043
UTA,2024-11,0.278,-5.0,15,0.591,5,0,False,0.066
WAS,2024-11,0.652,3.7,15,0.995,2,0,False,0.028
ATL,2024-12,0.521,0.3,10,0.715,0,1,False,0.077
BOS,2024-12,0.845,3.2,12,1.0,2,1,False,0.076
BRK,2024-12,0.593,-3.1,14,1.0,3,3,False,0.096
CHA,2024-12,0.382,-1.3,15,0.807,3,0,False,0.086
CHI,2024-12,0.497,-4.8,13,0.861,1,0,False,0.062
CLE,2024-12,0.557,1.4,14,0.887,2,1,False,0.045
DAL,2024-12,0.674,5.7,11,1.0,1,2,False,0.066
DEN,2024-12,0.434,-3.6,13,0.677,3,2,False,0.025
DET,2024-12,0.377,-10.8,10,0.617,4,0,False,0.07
GSW,2024-12,0.722,13.5,10,0.893,2,0,False,0.043
HOU,2024-12,0.629,-0.3,13,0.948,3,0,False,0.09
IND,2024-12,0.647,-3.1,13,0.85,0,0,False,0.078
LAC,2024-12,0.481,-2.6,15,0.927,2,2,False,0.065
LAL,2024-12,0.853,4.7,15,0.776,3,0,False,0.058
MEM,2024-12,0.161,-9.9,11,0.418,5,2,False,0.042
MIA,2024-12,0.751,2.2,11,0.881,5,1,False,0.061
MIL,2024-12,0.903,8.5,11,0.874,1,0,False,0.066
MIN,2024-12,0.252,-6.7,14,0.681,2,0,False,0.013
NOP,2024-12,0.467,3.1,15,0.673,2,0,False,0.046
NYK,2024-12,0.22,-11.4,11,0.679,2,3,False,0.053
OKC,2024-12,0.5,2.8,14,0.636,1,0,False,0.04
ORL,2024-12,0.467,-0.0,10,0.833,3,0,False,0.059
PHI,2024-12,0.658,1.4,11,0.793,1,1,False,0.021
PHX,2024-12,0.489,0.3,11,0.801,2,0,False,0.013
POR,2024-12,0.54,-2.5,10,0.845,3,0,False,0.046
SAC,2024-12,0.335,-7.7,10,0.692,2,0,False,0.065
SAS,2024-12,0.711,0.2,11,1.0,1,2,False,0.061
TOR,2024-12,0.675,5.1,11,0.874,5,1,False,0.043
UTA,2024-12,0.21,-3.4,11,0.55,4,0,False,0.066
WAS,2024-12,0.658,12.7,10,1.0,5,0,False,0.028
ATL,2025-01,0.521,-0.7,15,0.882,3,5,False,0.077
BOS,2025-01,0.751,8.6,12,0.851,4,0,False,0.076
BRK,2025-01,0.572,-1.8,10,1.0,4,0,False,0.096
CHA,2025-01,0.241,-6.9,13,0.887,2,0,False,0.086
CHI,2025-01,0.486,-0.2,15,0.679,2,0,False,0.062
CLE,2025-01,0.444,4.3,11,0.696,0,1,False,0.045
DAL,2025-01,0.735,5.8,14,0.751,1,0,False,0.066
DEN,2025-01,0.647,0.9,15,0.766,1,2,False,0.025
DET,2025-01,0.272,-3.6,11,0.796,3,0,False,0.07
GSW,2025-01,0.597,1.3,14,0.853,2,0,False,0.043
HOU,2025-01,0.642,4.1,15,0.788,0,0,False,0.09
IND,2025-01,0.689,6.2,10,0.848,5,0,False,0.078
LAC,2025-01,0.482,-1.1,11,0.749,1,1,False,0.065
LAL,2025-01,0.969,9.9,12,0.846,2,0,False,0.058
MEM,2025-01,0.294,-4.6,10,0.542,3,2,False,0.042
MIA,2025-01,0.627,4.6,15,0.874,1,0,False,0.061
MIL,2025-01,0.846,6.4,10,0.871,3,0,False,0.066
MIN,2025-01,0.352,0.8,15,0.823,2,0,False,0.013
NOP,2025-01,0.438,-0.9,13,0.587,3,0,False,0.046
NYK,2025-01,0.167,-7.4,10,0.765,2,1,False,0.053
OKC,2025-01,0.36,3.0,12,0.466,0,0,False,0.04
ORL,2025-01,0.452,4.4,15,0.772,2,4,False,0.059
PHI,2025-01,0.676,4.7,14,0.763,1,1,False,0.021
PHX,2025-01,0.422,-5.0,15,0.661,3,0,False,0.013
POR,2025-01,0.354,-4.6,12,0.849,0,0,False,0.046
SAC,2025-01,0.276,-5.8,10,0.61,1,0,False,0.065
SAS,2025-01,0.586,-1.2,15,0.758,2,3,False,0.061
TOR,2025-01,0.795,7.7,13,0.84,4,2,False,0.043
UTA,2025-01,0.201,-15.8,10,0.632,1,0,False,0.066
WAS,2025-01,0.695,4.9,14,0.894,0,0,False,0.028
ATL,2025-02,0.392,-1.1,15,0.954,2,1,False,0.077
BOS,2025-02,0.805,10.9,14,0.883,0,1,False,0.076
BRK,2025-02,0.53,-4.1,12,0.763,1,1,False,0.096
CHA,2025-02,0.334,-2.0,10,0.565,5,0,False,0.086
CHI,2025-02,0.463,-2.5,10,0.955,1,0,False,0.062
CLE,2025-02,0.655,0.6,13,0.874,3,0,False,0.045
DAL,2025-02,0.674,-0.2,15,0.954,3,1,False,0.066
DEN,2025-02,0.608,-0.8,12,0.783,3,2,False,0.025
DET,2025-02,0.344,-3.6,12,0.59,4,0,False,0.07
GSW,2025-02,0.741,7.4,11,0.944,2,0,False,0.043
HOU,2025-02,0.695,7.9,14,0.83,1,0,False,0.09
IND,2025-02,0.578,5.3,11,0.834,1,0,False,0.078
LAC,2025-02,0.542,-1.2,10,0.679,2,2,False,0.065
LAL,2025-02,0.808,6.1,15,0.851,3,0,False,0.058
MEM,2025-02,0.282,-9.6,12,0.599,0,2,False,0.042
MIA,2025-02,0.748,3.5,13,0.928,2,1,False,0.061
MIL,2025-02,0.776,6.7,15,0.958,2,0,False,0.066
MIN,2025-02,0.35,-3.8,15,0.624,4,0,False,0.013
NOP,2025-02,0.388,-3.2,11,0.699,1,0,False,0.046
NYK,2025-02,0.416,-5.7,11,0.705,2,1,False,0.053
OKC,2025-02,0.646,7.6,12,0.719,4,0,False,0.04
ORL,2025-02,0.409,-4.4,10,0.727,1,3,False,0.059
PHI,2025-02,0.631,-6.6,14,0.778,2,5,False,0.021
PHX,2025-02,0.552,6.0,11,0.966,0,0,False,0.013
POR,2025-02,0.437,1.1,12,0.888,2,0,False,0.046
SAC,2025-02,0.498,2.8,13,0.604,2,0,False,0.065
SAS,2025-02,0.643,2.3,13,0.817,2,4,False,0.061
TOR,2025-02,0.676,2.7,15,0.78,2,4,False,0.043
UTA,2025-02,0.216,-12.8,11,0.639,1,0,False,0.066
WAS,2025-02,0.543,0.0,13,0.785,1,0,False,0.028
ATL,2025-03,0.464,-0.7,13,0.883,2,3,False,0.077
BOS,2025-03,0.791,4.6,10,0.902,3,2,False,0.076
BRK,2025-03,0.477,-6.4,12,0.836,3,6,False,0.096
CHA,2025-03,0.24,-6.5,12,0.648,2,0,False,0.086
CHI,2025-03,0.471,2.7,14,0.84,4,0,False,0.062
CLE,2025-03,0.548,2.2,15,0.888,1,2,False,0.045
DAL,2025-03,0.476,-0.1,12,0.76,1,3,False,0.066
DEN,2025-03,0.624,3.4,14,0.866,2,1,False,0.025
DET,2025-03,0.379,-7.8,13,0.716,1,0,False,0.07
GSW,2025-03,0.693,9.6,12,0.796,0,0,False,0.043
HOU,2025-03,0.752,4.9,15,0.985,1,0,False,0.09
IND,2025-03,0.679,2.5,10,0.731,4,0,False,0.078
LAC,2025-03,0.532,1.9,10,0.897,0,1,False,0.065
LAL,2025-03,0.871,12.3,12,0.945,0,0,False,0.058
MEM,2025-03,0.255,-7.8,13,0.756,0,2,False,0.042
MIA,2025-03,0.795,7.5,12,1.0,2,1,False,0.061
MIL,2025-03,0.873,9.3,11,1.0,1,0,False,0.066
MIN,2025-03,0.329,-5.4,15,0.645,0,0,False,0.013
NOP,2025-03,0.453,-0.3,14,0.717,0,0,False,0.046
NYK,2025-03,0.247,-14.1,15,0.718,1,2,False,0.053
OKC,2025-03,0.458,0.8,13,0.693,1,0,False,0.04
ORL,2025-03,0.444,1.9,11,0.63,0,4,False,0.059
PHI,2025-03,0.77,9.5,12,0.834,3,2,False,0.021
PHX,2025-03,0.443,-2.0,11,0.854,2,0,False,0.013
POR,2025-03,0.47,-1.6,15,0.771,2,0,False,0.046
SAC,2025-03,0.332,-9.6,11,0.518,2,0,False,0.065
SAS,2025-03,0.699,5.4,11,0.933,0,1,False,0.061
TOR,2025-03,0.723,3.7,14,0.91,2,0,False,0.043
UTA,2025-03,0.273,-5.4,14,0.731,2,0,False,0.066
WAS,2025-03,0.798,5.3,15,0.869,1,0,False,0.028
ATL,2025-04,0.0,-10.6,0,0.624,0,0,True,0.077
BOS,2025-04,0.752,8.3,16,0.863,0,2,True,0.076
BRK,2025-04,0.453,-4.9,8,0.79,0,2,True,0.096
CHA,2025-04,0.0,-12.6,0,0.552,0,0,True,0.086
CHI,2025-04,0.755,7.2,6,0.803,0,0,True,0.062
CLE,2025-04,0.79,6.0,11,0.843,0,2,True,0.045
DAL,2025-04,0.711,2.8,11,0.9,0,0,True,0.066
DEN,2025-04,0.693,9.0,10,0.907,0,2,True,0.025
DET,2025-04,0.0,-15.2,0,0.681,0,0,True,0.07
GSW,2025-04,0.95,15.4,7,0.964,0,0,True,0.043
HOU,2025-04,0.781,2.3,15,1.0,0,0,True,0.09
IND,2025-04,0.73,5.5,7,0.704,0,0,True,0.078
LAC,2025-04,0.55,10.1,15,0.857,0,0,True,0.065
LAL,2025-04,0.95,19.1,14,1.0,0,0,True,0.058
MEM,2025-04,0.0,-17.9,0,0.533,0,0,True,0.042
MIA,2025-04,0.95,11.1,15,0.791,0,2,True,0.061
MIL,2025-04,0.865,10.9,7,0.694,0,0,True,0.066
MIN,2025-04,0.0,-10.2,0,0.563,0,0,True,0.013
NOP,2025-04,0.0,-10.7,0,0.522,0,0,True,0.046
NYK,2025-04,0.0,-13.7,0,0.55,0,0,True,0.053
OKC,2025-04,0.0,-16.5,0,0.534,0,0,True,0.04
ORL,2025-04,0.0,-14.0,0,0.596,0,0,True,0.059
PHI,2025-04,0.6,1.4,6,0.78,0,0,True,0.021
PHX,2025-04,0.0,-8.8,0,0.591,0,0,True,0.013
POR,2025-04,0.0,-14.4,0,0.578,0,0,True,0.046
SAC,2025-04,0.0,-8.4,0,0.539,0,0,True,0.065
SAS,2025-04,0.839,8.7,8,0.922,0,2,True,0.061
TOR,2025-04,0.814,7.8,14,0.834,0,1,True,0.043
UTA,2025-04,0.0,-18.6,0,0.488,0,0,True,0.066
WAS,2025-04,0.686,4.9,10,0.82,0,0,True,0.028
ATL,2025-05,0.0,-14.5,0,0.515,0,0,True,0.077
BOS,2025-05,0.813,2.7,7,0.881,0,0,True,0.076
BRK,2025-05,0.625,6.2,10,0.76,0,2,True,0.096
CHA,2025-05,0.0,-5.4,0,0.575,0,0,True,0.086
CHI,2025-05,0.683,6.8,14,1.0,0,0,True,0.062
CLE,2025-05,0.746,-2.4,12,1.0,0,0,True,0.045
DAL,2025-05,0.871,6.1,8,1.0,0,2,True,0.066
DEN,2025-05,0.696,4.3,10,0.973,0,0,True,0.025
DET,2025-05,0.0,-13.3,0,0.447,0,0,True,0.07
GSW,2025-05,0.83,12.9,4,0.852,0,0,True,0.043
HOU,2025-05,0.859,5.6,8,0.919,0,0,True,0.09
IND,2025-05,0.803,3.6,13,0.948,0,0,True,0.078
LAC,2025-05,0.771,7.0,6,0.761,0,3,True,0.065
LAL,2025-05,0.911,9.9,15,0.941,0,0,True,0.058
MEM,2025-05,0.0,-11.8,0,0.534,0,0,True,0.042
MIA,2025-05,0.879,6.5,6,0.847,0,1,True,0.061
MIL,2025-05,0.95,11.1,5,0.906,0,0,True,0.066
MIN,2025-05,0.0,-6.2,0,0.653,0,0,True,0.013
NOP,2025-05,0.0,-18.3,0,0.567,0,0,True,0.046
NYK,2025-05,0.0,-10.9,0,0.701,0,0,True,0.053
OKC,2025-05,0.0,-12.6,0,0.63,0,0,True,0.04
ORL,2025-05,0.0,-14.1,0,0.636,0,0,True,0.059
PHI,2025-05,0.698,-1.7,5,0.901,0,2,True,0.021
PHX,2025-05,0.0,-7.7,0,0.756,0,0,True,0.013
POR,2025-05,0.0,-9.3,0,0.373,0,0,True,0.046
SAC,2025-05,0.0,-19.4,0,0.678,0,0,True,0.065
SAS,2025-05,0.867,8.5,15,0.928,0,3,True,0.061
TOR,2025-05,0.889,10.5,11,0.812,0,2,True,0.043
UTA,2025-05,0.0,-8.6,0,0.448,0,0,True,0.066
WAS,2025-05,0.549,2.1,4,0.97,0,0,True,0.028
ATL,2025-06,0.0,-7.4,0,0.623,0,0,True,0.077
BOS,2025-06,0.95,10.9,4,1.0,0,2,True,0.076
BRK,2025-06,0.638,-3.9,13,0.79,0,0,True,0.096
CHA,2025-06,0.0,-10.4,0,0.489,0,0,True,0.086
CHI,2025-06,0.849,1.0,11,0.905,0,0,True,0.062
CLE,2025-06,0.692,4.5,8,0.857,0,2,True,0.045
DAL,2025-06,0.817,7.2,12,0.847,0,5,True,0.066
DEN,2025-06,0.796,10.6,9,0.653,0,0,True,0.025
DET,2025-06,0.0,-10.8,0,0.447,0,0,True,0.07
GSW,2025-06,0.815,12.8,9,0.865,0,0,True,0.043
HOU,2025-06,0.798,9.2,7,0.773,0,0,True,0.09
IND,2025-06,0.733,3.7,4,1.0,0,0,True,0.078
LAC,2025-06,0.783,2.5,8,1.0,0,3,True,0.065
LAL,2025-06,0.879,10.3,8,0.713,0,0,True,0.058
MEM,2025-06,0.0,-14.3,0,0.536,0,0,True,0.042
MIA,2025-06,0.797,7.6,4,0.952,0,1,True,0.061
MIL,2025-06,0.95,8.6,12,0.756,0,0,True,0.066
MIN,2025-06,0.0,-11.3,0,0.646,0,0,True,0.013
NOP,2025-06,0.0,-16.3,0,0.473,0,0,True,0.046
NYK,2025-06,0.0,-15.8,0,0.447,0,0,True,0.053
OKC,2025-06,0.0,-15.4,0,0.559,0,0,True,0.04
ORL,2025-06,0.0,-10.9,0,0.697,0,0,True,0.059
PHI,2025-06,0.95,9.0,15,0.877,0,1,True,0.021
PHX,2025-06,0.0,-12.7,0,0.713,0,0,True,0.013
POR,2025-06,0.0,-11.5,0,0.635,0,0,True,0.046
SAC,2025-06,0.0,-8.8,0,0.584,0,0,True,0.065
SAS,2025-06,0.95,12.9,7,0.894,0,2,True,0.061
TOR,2025-06,0.618,8.6,10,0.941,0,1,True,0.043
UTA,2025-06,0.0,-15.3,0,0.355,0,0,True,0.066
WAS,2025-06,0.775,6.6,15,0.755,0,0,True,0.028
ATL,2025-07,0.472,0.7,0,0.89,0,0,False,0.077
BOS,2025-07,0.814,8.2,0,0.971,0,0,False,0.076
BRK,2025-07,0.419,-7.1,0,0.767,0,0,False,0.096
CHA,2025-07,0.139,-15.7,0,0.576,0,0,False,0.086
CHI,2025-07,0.554,-1.1,0,0.859,0,0,False,0.062
CLE,2025-07,0.588,3.5,0,0.761,0,0,False,0.045
DAL,2025-07,0.625,-0.6,0,0.841,0,0,False,0.066
DEN,2025-07,0.725,5.2,0,0.851,0,0,False,0.025
DET,2025-07,0.382,-3.3,0,0.635,0,0,False,0.07
GSW,2025-07,0.736,6.7,0,0.95,0,0,False,0.043
HOU,2025-07,0.923,10.9,0,1.0,0,0,False,0.09
IND,2025-07,0.582,2.4,0,0.681,0,0,False,0.078
LAC,2025-07,0.479,-3.7,0,0.793,0,0,False,0.065
LAL,2025-07,0.67,5.0,0,0.874,0,0,False,0.058
MEM,2025-07,0.185,-8.9,0,0.542,0,0,False,0.042
MIA,2025-07,0.853,6.4,0,1.0,0,0,False,0.061
MIL,2025-07,0.825,7.0,0,0.678,0,0,False,0.066
MIN,2025-07,0.095,-11.4,0,0.421,0,0,False,0.013
NOP,2025-07,0.381,-3.9,0,0.764,0,0,False,0.046
NYK,2025-07,0.31,-5.7,0,0.665,0,0,False,0.053
OKC,2025-07,0.472,6.5,0,0.739,0,0,False,0.04
ORL,2025-07,0.329,-3.5,0,0.601,0,0,False,0.059
PHI,2025-07,0.78,6.7,0,0.952,0,0,False,0.021
PHX,2025-07,0.569,7.7,0,0.761,0,0,False,0.013
POR,2025-07,0.285,-10.4,0,0.624,0,0,False,0.046
SAC,2025-07,0.425,-2.4,0,0.718,0,0,False,0.065
SAS,2025-07,0.631,3.8,0,0.831,0,0,False,0.061
TOR,2025-07,0.56,7.5,0,0.905,0,0,False,0.043
UTA,2025-07,0.29,1.3,0,0.566,0,0,False,0.066
WAS,2025-07,0.61,-1.8,0,1.0,0,0,False,0.028
